"Variable / Field Name","Form Name","Section Header","Field Type","Field Label","Choices, Calculations, OR Slider Labels","Field Note","Text Validation Type OR Show Slider Number","Text Validation Min","Text Validation Max",Identifier?,"Branching Logic (Show field only if...)","Required Field?","Custom Alignment","Question Number (surveys only)","Matrix Group Name","Matrix Ranking?","Field Annotation"
record_id,labubu_mystery_caller_data,,text,"Record ID",,,,,,,,,,,,,
scenario,labubu_mystery_caller_data,,radio,Scenario,"1, Lesbian couple | 2, Straight couple | 3, Single mother",,,,,,,,,,,,
physician_name,labubu_mystery_caller_data,,text,"Physician Information, practice name",,,,,,,,y,,,,,
contacted1,labubu_mystery_caller_data,,radio,"Able to contact office on first call?","1, Yes | 0, No",,,,,,,y,,,,,
attempts_to_call,labubu_mystery_caller_data,,radio,"Number of attempts to contact","1, One | 2, Two | 3, Three | 4, Unable to reach",,,,,,,,,,,,
calldate1,labubu_mystery_caller_data,,text,"Date and Time of FIRST Phone Call.  NB:  To call during business hours from 0800 to 1700 local time with exclusion of 1200 to 1300.  ",,,date_mdy,2024-07-01,,y,,y,,,,,
centralnumber,labubu_mystery_caller_data,,yesno,"Central number (e.g. appointment center)?",,,,,,,,y,,,,,
transfers,labubu_mystery_caller_data,,dropdown,"Number of Transfers (phone call transferred from one person or answering service to the next)","1, No transfers | 2, One transfer | 3, Two transfers | 4, More than two transfers",,,,,,,y,,,,,
calltime,labubu_mystery_caller_data,,text,"Call Time (in seconds, round to nearest whole second)",,,integer,0,1000,,,,,,,,
holdtime,labubu_mystery_caller_data,,text,"Hold Time (in seconds, round to nearest whole second)",,,integer,0,1000,,,,,,,,
appointent_date,labubu_mystery_caller_data,,text,"Date of first available appointment.  ",,,date_mdy,2026-05-31,2028-05-31,,,,,,,,
exclusions,labubu_mystery_caller_data,,radio,"Reason for exclusions","0, Included where physician was able to be contacted | 1, Closed medical system (e.g. Kaiser or military hospital) | 2, Greater than 5 minutes on hold | 3, Number contacted did not correspond to expected office/specialty | 5, Phone not answered or busy signal on repeat calls | 6, Physician's personal phone | 7, Physician referral required before scheduling appointment | 8, Went to voicemail | 9, Not accepting new patients",,,,,,,y,,,,,
services_offered,labubu_mystery_caller_data,,checkbox,"What type of services do you typically offer?","1, cycle tracking | 2, hormonal labs and fertility timing | 3, ovulation induction | 4, Intrauterine insemination | 5, In vitro fertilization",,,,,,,,,,,,
scheduling_time,labubu_mystery_caller_data,,radio,"How long will it take for me to get scheduled?","1, Less than 1 mo | 2, 1-2 mo | 3, 3+ mo",,,,,,,,,,,,
medicaid_status,labubu_mystery_caller_data,,radio,"Does this practice accept Insurance?","1, Yes they accept insurance | 2, No they don't accept insurance",,,,,,,y,,,,,
time_to_pregnancy,labubu_mystery_caller_data,,radio,"How long does it typically take for people to get pregnant?","1, Unable to answer | 2, Less than 6 mo | 3, 6 mo-1 year | 4, More than 1 year",,,,,,,,,,,,
cost,labubu_mystery_caller_data,,radio,"How much do these services typically cost?","1, less than 10,000 | 2, more than 10,000 | 3, Unable to provide estimate",,,,,,,,,,,,
rei_referral,labubu_mystery_caller_data,,radio,"Do you refer to an REI if we aren't successful?","1, yes | 2, no",,,,,,,,,,,,
donor_sperm,labubu_mystery_caller_data,,radio,"Do you work with donor sperm?","1, yes | 2, no | 3, N/a > not a single mother or lesbian couple scenario",,,,,,,,,,,,
restrictions,labubu_mystery_caller_data,,checkbox,"Are there any restrictions to the individuals you would provide care to? ","1, Lesbian couple | 2, Straight couple | 3, Single mother",,,,,,,,,,,,
notes,labubu_mystery_caller_data,,text,notes,,,,,,,,,,,,,
initials,labubu_mystery_caller_data,,text,"Name of person completing form.  THANK YOU!",,,alpha_only,,,,,y,,,,,
