"physician_information","id_number","notes","reason_for_exclusions","business_days_until_appointment"
"FertilityCare Center of Greater Chicago (IL) 83",230,"","Able to contact",NA
"Anna Lacey (SD, virtual)",200,"","Able to contact",NA
"Helena FertilityCare (MT)",199,"","Able to contact",NA
"FertilityCare Center of the Diocese of Phoenix (AZ)",197,"","Able to contact",NA
"FertilityCare Center of Rockville Centre (NY)",196,"","Able to contact",NA
"Femme Health",195,"","Able to contact",NA
"Holy Family FertilityCare (MN)",193,"","Able to contact",NA
"Kristin Blanchard, MS FCP (Compassion FertilityCare Center CO)",188,"","Able to contact",NA
"FertilityCare Center of the Big Horns (WY)",179,"","Able to contact",NA
"FertilityCare Center of Rochester (NY)",178,"","Able to contact",NA
"Holy Family FertilityCare (MN)",164,"","Able to contact",NA
"Craig Cunningham, MD (IA)",158,"","Able to contact",NA
"Flourish FertilityCare (AL)",156,"","Able to contact",NA
"Benjamin Paul, DO (IA)",147,"","Able to contact",NA
"Dr. Kristina Pakiz, MD (NE)",139,"","Able to contact",NA
"Holy Family FertilityCare (MN)",131,"","Able to contact",NA
"Danielle Koester, Femm Health",128,"","Able to contact",NA
"Flourish FertilityCare (AL)",126,"","Able to contact",NA
"FertilityCare Center of Rochester (NY)",123,"","Able to contact",NA
"FertilityCare at FMCC-Fertility and Midwifery Care Center (IN) 80",122,"","Able to contact",NA
"Emmaus Road FertilityCare (FL) 69",121,"","Able to contact",NA
"Empowered FertilityCare Center (TX) 70",115,"","Able to contact",NA
"FertilityCare Center of the Big Horns (WY)",114,"","Able to contact",NA
"FertilityCare Center of Chicago (IL)",112,"","Able to contact",NA
"FertilityCare Center of Greater Chicago (IL)",111,"","Able to contact",NA
"Jeff Cannon, MD (TX) 43",106,"","Able to contact",NA
"FertilityCare Services Catholic Diocese of Wichita (KS), 95",99,"","Able to contact",NA
"FertilityCare at FMCC-Fertility and Midwifery Care Center (IN)",98,"","Able to contact",NA
"Empowered FertilityCare Center (TX)",97,"","Able to contact",NA
"Emmaus Road FertilityCare (FL), 69",96,"","Able to contact",NA
"Kyle Beiter, MD (NC)",95,"","Able to contact",NA
"Monique Ruberu MD, FACOG (PA) 42",90,"","Able to contact",NA
"Patrick Beeman, MD Veranova Health (OH)",75,"","Able to contact",NA
"Benjamin Paul, DO (IA)",71,"","Able to contact",NA
"Jeff Cannon, MD (TX)",66,"","Able to contact",NA
"Jeff Cannon, MD (TX)",65,"","Able to contact",NA
"Dr. Kristina Pakiz, MD (NE)",63,"","Able to contact",NA
"Monique Ruberu MD, FACOG (PA) 42",59,"","Able to contact",NA
"Paul A. Carpentier, MD, CFCMC (NY) 37",57,"","Able to contact",NA
"Paul A. Carpentier, MD, CFCMC (NY) 37",45,"","Able to contact",NA
"Kyle Beiter, MD (NC)",43,"","Able to contact",NA
