"record_id","scenario","practice","contact_first_call","attempts","call_date","central_number","transfers_n","call_time_sec","hold_time_sec","first_appt_date","exclusion_reason","wait_category","insurance","pregnancy_time","cost_estimate","refer_rei","donor_sperm","complete","service_cycle_tracking","service_hormonal_timing","service_ovulation_induction","service_iui","service_ivf","restrict_lesbian","restrict_straight","restrict_single_mother","notes_present","exclusion_code","analytic_inclusion","form_finalized","contact_office","wait_days","log_wait_days","first_appt_missing","insurance_accepts","blue_cross_bcbs_response","cost_provided","pregnancy_answered","donor_sperm_yes","practice_key","practice_id"
1,"Straight couple","Briana Mueller, FCP (Donum FertilityCare Center SD)","No","Two",2026-06-01,"No",0,NA,NA,NA,"Went to voicemail",NA,NA,NA,NA,NA,NA,"Complete",FALSE,FALSE,FALSE,FALSE,FALSE,FALSE,FALSE,FALSE,FALSE,8,FALSE,TRUE,FALSE,NA,NA,TRUE,FALSE,NA,FALSE,FALSE,FALSE,"Briana Mueller, FCP (Donum FertilityCare Center SD)",18
2,"Straight couple","Wendy Imm, RN, FCP (Divine Grace FertilityCare OH)","No","One",2026-06-01,"No",0,246,0,2026-06-10,"Included where physician was able to be contacted","Less than 1 mo","Yes they accept insurance","Unable to answer","less than 10,000","no","no","Complete",TRUE,TRUE,FALSE,FALSE,FALSE,FALSE,FALSE,FALSE,TRUE,0,TRUE,TRUE,TRUE,9,2.30258509299405,FALSE,TRUE,"Yes they accept insurance",TRUE,FALSE,FALSE,"Wendy Imm, RN, FCP (Divine Grace FertilityCare OH)",102
3,"Straight couple","Stefania Bigi Alzati, FCP (Discover Your Cycle FertilityCare Center CA)","No","Two",2026-06-01,"No",0,366,0,2026-08-01,"Included where physician was able to be contacted","Less than 1 mo","Yes they accept insurance","More than 1 year","Unable to provide estimate","yes","no","Complete",TRUE,TRUE,FALSE,FALSE,FALSE,FALSE,TRUE,FALSE,FALSE,0,TRUE,TRUE,TRUE,61,4.12713438504509,FALSE,TRUE,"Yes they accept insurance",FALSE,TRUE,FALSE,"Stefania Bigi Alzati, FCP (Discover Your Cycle FertilityCare Center CA)",96
4,"Straight couple","Lindy Meyer, CFCP, CFCE (Diocese of Salina FertilityCare Services KS)","No","Two",2026-06-01,NA,0,NA,NA,NA,"Went to voicemail",NA,NA,NA,NA,NA,NA,"Complete",FALSE,FALSE,FALSE,FALSE,FALSE,FALSE,FALSE,FALSE,FALSE,8,FALSE,TRUE,FALSE,NA,NA,TRUE,FALSE,NA,FALSE,FALSE,FALSE,"Lindy Meyer, CFCP, CFCE (Diocese of Salina FertilityCare Services KS)",75
5,"Straight couple","Michelle Chambers, FCP Creighton Model FertilityCare Center of the Heartland, LLC (NE)","No","Two",2026-06-01,"No",0,NA,NA,NA,"Went to voicemail",NA,NA,NA,NA,NA,NA,"Complete",FALSE,FALSE,FALSE,FALSE,FALSE,FALSE,FALSE,FALSE,FALSE,8,FALSE,TRUE,FALSE,NA,NA,TRUE,FALSE,NA,FALSE,FALSE,FALSE,"Michelle Chambers, FCP Creighton Model FertilityCare Center of the Heartland, LLC (NE)",83
6,"Straight couple","Kristin Blanchard, MS FCP (Compassion FertilityCare Center CO)","No","One",2026-06-01,"No",0,280,0,2026-06-10,"Included where physician was able to be contacted","Less than 1 mo","Yes they accept insurance","Unable to answer","less than 10,000","yes","no","Complete",TRUE,TRUE,FALSE,FALSE,FALSE,FALSE,FALSE,FALSE,TRUE,0,TRUE,TRUE,TRUE,9,2.30258509299405,FALSE,TRUE,"Yes they accept insurance",TRUE,FALSE,FALSE,"Kristin Blanchard, MS FCP (Compassion FertilityCare Center CO)",71
7,"Straight couple","Columbia Basin FertilityCare Services (WA)","No","One",2026-06-01,"No",NA,NA,NA,NA,"Went to voicemail",NA,NA,NA,NA,NA,NA,"Complete",FALSE,FALSE,FALSE,FALSE,FALSE,FALSE,FALSE,FALSE,FALSE,8,FALSE,TRUE,FALSE,NA,NA,TRUE,FALSE,NA,FALSE,FALSE,FALSE,"Columbia Basin FertilityCare Services (WA)",25
8,"Straight couple","Bismarck FertilityCare Center (ND)","No","One",2026-06-01,"No",0,NA,NA,NA,"Went to voicemail",NA,NA,NA,NA,NA,NA,"Complete",FALSE,FALSE,FALSE,FALSE,FALSE,FALSE,FALSE,FALSE,FALSE,8,FALSE,TRUE,FALSE,NA,NA,TRUE,FALSE,NA,FALSE,FALSE,FALSE,"Bismarck FertilityCare Center (ND)",16
9,"Straight couple","Avera St. Luke FertilityCare Services (SD)","No","Two",2026-06-01,"No",0,120,0,2026-06-08,"Included where physician was able to be contacted","Less than 1 mo","No they don't accept insurance","Unable to answer","Unable to provide estimate","yes","no","Complete",TRUE,FALSE,FALSE,FALSE,FALSE,FALSE,FALSE,FALSE,TRUE,0,TRUE,TRUE,TRUE,7,2.07944154167984,FALSE,FALSE,"No they don't accept insurance",FALSE,FALSE,FALSE,"Avera St. Luke FertilityCare Services (SD)",12
10,"Straight couple","Ave Maria FertilityCare Center of Tampa Bay (FL)","No","One",2026-06-01,"No",0,NA,NA,NA,"Went to voicemail",NA,NA,NA,NA,NA,NA,"Complete",FALSE,FALSE,FALSE,FALSE,FALSE,FALSE,FALSE,FALSE,FALSE,8,FALSE,TRUE,FALSE,NA,NA,TRUE,FALSE,NA,FALSE,FALSE,FALSE,"Ave Maria FertilityCare Center of Tampa Bay (FL)",10
11,"Straight couple","Cedar of Lebanon FertilityCare Center (MA)","No","Two",2026-06-01,"No",0,300,0,2026-06-10,"Included where physician was able to be contacted","Less than 1 mo","No they don't accept insurance","Unable to answer","less than 10,000","no","yes","Complete",TRUE,TRUE,FALSE,FALSE,FALSE,FALSE,FALSE,FALSE,TRUE,0,TRUE,TRUE,TRUE,9,2.30258509299405,FALSE,FALSE,"No they don't accept insurance",TRUE,FALSE,TRUE,"Cedar of Lebanon FertilityCare Center (MA)",23
12,"Straight couple","Archdiocese of San Francisco FertilityCare Center","No","One",2026-06-01,"No",0,NA,NA,NA,"Went to voicemail",NA,NA,NA,NA,NA,NA,"Complete",FALSE,FALSE,FALSE,FALSE,FALSE,FALSE,FALSE,FALSE,FALSE,8,FALSE,TRUE,FALSE,NA,NA,TRUE,FALSE,NA,FALSE,FALSE,FALSE,"Archdiocese of San Francisco FertilityCare Center",7
13,"Straight couple","Abiding FertilityCare Center (practice in TX)","No","One",2026-06-01,"No",0,NA,NA,NA,"Went to voicemail",NA,NA,NA,NA,NA,NA,"Complete",FALSE,FALSE,FALSE,FALSE,FALSE,FALSE,FALSE,FALSE,FALSE,8,FALSE,TRUE,FALSE,NA,NA,TRUE,FALSE,NA,FALSE,FALSE,FALSE,"Abiding FertilityCare Center (practice in TX)",3
14,"Straight couple","Monique Ruberu MD, FACOG (PA)","Yes","One",2026-06-01,"Yes",0,220,0,2026-08-12,"Included where physician was able to be contacted","1-2 mo","Yes they accept insurance","Unable to answer","Unable to provide estimate","no","no","Complete",TRUE,TRUE,TRUE,FALSE,FALSE,FALSE,FALSE,FALSE,TRUE,0,TRUE,TRUE,TRUE,72,4.29045944114839,FALSE,TRUE,"Yes they accept insurance",FALSE,FALSE,FALSE,"Monique Ruberu MD, FACOG (PA)",84
15,"Straight couple","Nicholas Kongoasa, MD, FACOG (AL)","No","One",2026-06-01,"No",0,260,120,2026-07-31,"Included where physician was able to be contacted","1-2 mo","Yes they accept insurance","Unable to answer","Unable to provide estimate","yes","no","Complete",TRUE,TRUE,TRUE,FALSE,FALSE,FALSE,FALSE,FALSE,TRUE,0,TRUE,TRUE,TRUE,60,4.11087386417331,FALSE,TRUE,"Yes they accept insurance",FALSE,FALSE,FALSE,"Nicholas Kongoasa, MD, FACOG (AL)",85
16,"Straight couple","Boudreau, MD (MA). (Dr Patricia Jay Retired)","No","One",2026-06-01,"No",0,139,0,2026-06-02,"Included where physician was able to be contacted",NA,"Yes they accept insurance","Unable to answer","Unable to provide estimate","yes","no","Complete",TRUE,FALSE,FALSE,FALSE,FALSE,FALSE,FALSE,FALSE,FALSE,0,TRUE,TRUE,TRUE,1,0.693147180559945,FALSE,TRUE,"Yes they accept insurance",FALSE,FALSE,FALSE,"Nicole Boudreau, MD (MA)",87
17,"Straight couple","Paul A. Carpentier, MD, CFCMC (NY)","Yes","One",2026-06-01,"No",0,99,289,2026-08-26,"Included where physician was able to be contacted","Less than 1 mo","Yes they accept insurance","Unable to answer","Unable to provide estimate","no","no","Complete",TRUE,TRUE,FALSE,FALSE,FALSE,FALSE,TRUE,FALSE,TRUE,0,TRUE,TRUE,TRUE,86,4.46590811865458,FALSE,TRUE,"Yes they accept insurance",FALSE,FALSE,FALSE,"Paul A. Carpentier, MD, CFCMC (NY)",89
18,"Straight couple","Barb Giles, RNC (SD)","No","Two",2026-06-01,NA,0,NA,NA,NA,"Went to voicemail",NA,NA,NA,NA,NA,NA,"Complete",FALSE,FALSE,FALSE,FALSE,FALSE,FALSE,FALSE,FALSE,TRUE,8,FALSE,TRUE,FALSE,NA,NA,TRUE,FALSE,NA,FALSE,FALSE,FALSE,"Barb Giles, RNC (SD)",13
19,"Straight couple","Brynn Manning BSN, RN (SD,virtual)","No","One",NA,NA,NA,NA,NA,NA,"Physician's personal phone",NA,NA,NA,NA,NA,NA,"Complete",FALSE,FALSE,FALSE,FALSE,FALSE,FALSE,FALSE,FALSE,FALSE,6,FALSE,TRUE,FALSE,NA,NA,TRUE,FALSE,NA,FALSE,FALSE,FALSE,"Brynn Manning BSN, RN (SD,virtual)",20
20,"Straight couple","Dr. Renee C. & Matthew Schroeder (SD)","No","One",2026-06-01,NA,NA,NA,NA,NA,"Physician's personal phone",NA,NA,NA,NA,NA,NA,"Complete",FALSE,FALSE,FALSE,FALSE,FALSE,FALSE,FALSE,FALSE,FALSE,6,FALSE,TRUE,FALSE,NA,NA,TRUE,FALSE,NA,FALSE,FALSE,FALSE,"Dr. Renee C. & Matthew Schroeder (SD)",33
21,"Straight couple","Dr. Mitchell F. Finnie, MD (TX)","Yes","One",2026-06-01,"No",0,NA,NA,NA,"Number contacted did not correspond to expected office/specialty",NA,NA,NA,NA,NA,NA,"Complete",FALSE,FALSE,FALSE,FALSE,FALSE,FALSE,FALSE,FALSE,TRUE,3,FALSE,TRUE,FALSE,NA,NA,TRUE,FALSE,NA,FALSE,FALSE,FALSE,"Dr. Mitchell F. Finnie, MD (TX)",32
22,"Straight couple","Armando Garza, MD (TX)","Yes","One",2026-06-01,NA,NA,NA,NA,NA,"Number contacted did not correspond to expected office/specialty",NA,NA,NA,NA,NA,NA,"Complete",FALSE,FALSE,FALSE,FALSE,FALSE,FALSE,FALSE,FALSE,TRUE,3,FALSE,TRUE,FALSE,NA,NA,TRUE,FALSE,NA,FALSE,FALSE,FALSE,"Armando Garza, MD (TX)",8
23,"Straight couple","Community FertilityCare Center (AL)","No","One",2026-06-01,"No",0,15,0,NA,"Went to voicemail",NA,NA,NA,NA,NA,NA,"Complete",FALSE,FALSE,FALSE,FALSE,FALSE,FALSE,FALSE,FALSE,TRUE,8,FALSE,TRUE,FALSE,NA,NA,TRUE,FALSE,NA,FALSE,FALSE,FALSE,"Community FertilityCare Center (AL)",26
24,"Straight couple","Coastal FertilityCare (NH)","No","Two",2026-06-02,"No",0,120,0,2026-06-23,"Included where physician was able to be contacted","Less than 1 mo","No they don't accept insurance","Unable to answer","less than 10,000","no","no","Complete",TRUE,FALSE,FALSE,FALSE,FALSE,FALSE,TRUE,FALSE,TRUE,0,TRUE,TRUE,TRUE,21,3.09104245335832,FALSE,FALSE,"No they don't accept insurance",TRUE,FALSE,FALSE,"Lisa Cote, FCP Coastal FertilityCare (NH)",76
25,"Straight couple","Cherish FertilityCare (British Columbia)",NA,"One",2026-06-01,NA,NA,NA,NA,NA,"Closed medical system (e.g. Kaiser or military hospital)",NA,NA,NA,NA,NA,NA,"Complete",FALSE,FALSE,FALSE,FALSE,FALSE,FALSE,FALSE,FALSE,TRUE,1,FALSE,TRUE,FALSE,NA,NA,TRUE,FALSE,NA,FALSE,FALSE,FALSE,"Cherish FertilityCare (British Columbia)",24
26,"Straight couple","Catholic FertilityCare Center of Western New York (NY)","No","Two",2026-06-01,"No",0,185,0,2026-06-10,"Included where physician was able to be contacted","Less than 1 mo","Yes they accept insurance","Unable to answer","Unable to provide estimate","yes","yes","Complete",TRUE,TRUE,FALSE,FALSE,FALSE,FALSE,FALSE,FALSE,TRUE,0,TRUE,TRUE,TRUE,9,2.30258509299405,FALSE,TRUE,"Yes they accept insurance",FALSE,FALSE,TRUE,"Catholic FertilityCare Center of Western New York (NY)",22
27,"Straight couple","Caritas FertilityCare (MD)","No","Two",2026-06-01,"No",NA,NA,NA,NA,"Went to voicemail",NA,NA,NA,NA,NA,NA,"Complete",FALSE,FALSE,FALSE,FALSE,FALSE,FALSE,FALSE,FALSE,FALSE,8,FALSE,TRUE,FALSE,NA,NA,TRUE,FALSE,NA,FALSE,FALSE,FALSE,"Caritas FertilityCare (MD)",21
28,"Straight couple","Bluebonnet FertilityCare (TX)","Yes","One",2026-06-01,"No",0,249,0,2026-06-08,"Included where physician was able to be contacted","Less than 1 mo","No they don't accept insurance","Unable to answer","Unable to provide estimate","no","no","Complete",TRUE,FALSE,FALSE,FALSE,FALSE,FALSE,FALSE,FALSE,TRUE,0,TRUE,TRUE,TRUE,7,2.07944154167984,FALSE,FALSE,"No they don't accept insurance",FALSE,FALSE,FALSE,"Stephanie Gavin BSN, RN, FCP (Bluebonnet FertilityCare TX)",97
29,"Straight couple","Angelus FertilityCare Center (Brazil)",NA,NA,NA,NA,NA,NA,NA,NA,"Closed medical system (e.g. Kaiser or military hospital)",NA,NA,NA,NA,NA,NA,"Complete",FALSE,FALSE,FALSE,FALSE,FALSE,FALSE,FALSE,FALSE,TRUE,1,FALSE,TRUE,FALSE,NA,NA,TRUE,FALSE,NA,FALSE,FALSE,FALSE,"Angelus FertilityCare Center (Brazil)",5
30,"Straight couple","Armando Garza, MD (TX)",NA,NA,NA,NA,NA,NA,NA,NA,"Number contacted did not correspond to expected office/specialty",NA,NA,NA,NA,NA,NA,"Complete",FALSE,FALSE,FALSE,FALSE,FALSE,FALSE,FALSE,FALSE,FALSE,3,FALSE,TRUE,FALSE,NA,NA,TRUE,FALSE,NA,FALSE,FALSE,FALSE,"Armando Garza, MD (TX)",8
31,"Straight couple","Jean Golden-Tevald, DO, CFCMC, IFMCP (NJ)","No","Two",2026-06-01,NA,NA,NA,NA,NA,NA,NA,NA,NA,NA,NA,NA,"Complete",FALSE,FALSE,FALSE,FALSE,FALSE,FALSE,FALSE,FALSE,FALSE,NA,FALSE,TRUE,FALSE,NA,NA,TRUE,FALSE,NA,FALSE,FALSE,FALSE,"Jean Golden-Tevald, DO, CFCMC, IFMCP (NJ)",66
32,"Straight couple","Edward J. Fleming, MD, CFCMC (PA)","No","Two",2026-06-01,NA,0,NA,NA,NA,"Went to voicemail",NA,NA,NA,NA,NA,NA,"Complete",FALSE,FALSE,FALSE,FALSE,FALSE,FALSE,FALSE,FALSE,FALSE,8,FALSE,TRUE,FALSE,NA,NA,TRUE,FALSE,NA,FALSE,FALSE,FALSE,"Edward J Fleming, MD, CFCMC (PA)",35
33,"Straight couple","Shane T Fejfar, MD, FAAOS","No","Two",2026-06-02,"No",0,NA,NA,2026-06-24,"Included where physician was able to be contacted",NA,"Yes they accept insurance","Unable to answer","Unable to provide estimate","yes","yes","Complete",TRUE,TRUE,TRUE,TRUE,TRUE,FALSE,FALSE,FALSE,FALSE,0,TRUE,TRUE,TRUE,22,3.13549421592915,FALSE,TRUE,"Yes they accept insurance",FALSE,FALSE,TRUE,"Shane T Fejfar, MD, FAAOS",95
34,"Straight couple","Kathleen Berchelmann, MD (CT, teleahealth)","No","Two",2026-06-01,"No",NA,NA,NA,NA,"Number contacted did not correspond to expected office/specialty",NA,NA,NA,NA,NA,NA,"Complete",FALSE,FALSE,FALSE,FALSE,FALSE,FALSE,FALSE,FALSE,FALSE,3,FALSE,TRUE,FALSE,NA,NA,TRUE,FALSE,NA,FALSE,FALSE,FALSE,"Kathleen Berchelmann, MD (CT, teleahealth)",69
35,"Straight couple","Karen Dalton, MD (CO, CT)",NA,NA,NA,NA,NA,NA,NA,NA,"Not accepting new patients",NA,NA,NA,NA,NA,NA,"Complete",FALSE,FALSE,FALSE,FALSE,FALSE,FALSE,FALSE,FALSE,FALSE,9,FALSE,TRUE,FALSE,NA,NA,TRUE,FALSE,NA,FALSE,FALSE,FALSE,"Karen Dalton, MD (CO, CT)",68
36,"Straight couple","Danielle Koestner, DO (MI)","Yes","One",2026-06-01,"No",NA,300,300,NA,"Greater than 5 minutes on hold",NA,NA,NA,NA,NA,NA,"Complete",FALSE,FALSE,FALSE,FALSE,FALSE,FALSE,FALSE,FALSE,FALSE,2,FALSE,TRUE,FALSE,NA,NA,TRUE,FALSE,NA,FALSE,FALSE,FALSE,"Danielle Koestner, DO (MI)",29
37,"Straight couple","Sarah Pederson, MD (Westminster, CO)","No","Three",2026-06-01,"No",0,NA,NA,NA,"Went to voicemail",NA,NA,NA,NA,NA,NA,"Complete",FALSE,FALSE,FALSE,FALSE,FALSE,FALSE,FALSE,FALSE,FALSE,8,FALSE,TRUE,FALSE,NA,NA,TRUE,FALSE,NA,FALSE,FALSE,FALSE,"Sarah Pederson, MD (Westminster, CO)",94
38,"Straight couple","Mary Anderson, MD (LA, CA)","Yes","One",2026-06-01,"No",0,280,0,2026-06-08,"Included where physician was able to be contacted","Less than 1 mo","No they don't accept insurance","Unable to answer","less than 10,000","yes","no","Complete",TRUE,TRUE,FALSE,FALSE,FALSE,FALSE,TRUE,FALSE,TRUE,0,TRUE,TRUE,TRUE,7,2.07944154167984,FALSE,FALSE,"No they don't accept insurance",TRUE,FALSE,FALSE,"Mary Anderson, MD (LA, CA)",80
39,"Straight couple","Teresa Asam Jensen, MD (telehealth)","No","Three",2026-06-01,"Yes",0,NA,NA,NA,"Went to voicemail",NA,NA,NA,NA,NA,NA,"Complete",FALSE,FALSE,FALSE,FALSE,FALSE,FALSE,FALSE,FALSE,TRUE,8,FALSE,TRUE,FALSE,NA,NA,TRUE,FALSE,NA,FALSE,FALSE,FALSE,"Teresa Asam Jensen, MD (telehealth)",99
40,"Straight couple","Kimberly Barrows, MD (telehealth)","No",NA,NA,"No",NA,NA,NA,NA,"Number contacted did not correspond to expected office/specialty",NA,NA,NA,NA,NA,NA,"Complete",FALSE,FALSE,FALSE,FALSE,FALSE,FALSE,FALSE,FALSE,TRUE,3,FALSE,TRUE,FALSE,NA,NA,TRUE,FALSE,NA,FALSE,FALSE,FALSE,"Kimberly Barrows, MD (telehealth)",70
41,"Straight couple","Nicole Bazger (MI, OH)","No",NA,NA,NA,NA,NA,NA,NA,"Number contacted did not correspond to expected office/specialty",NA,NA,NA,NA,NA,NA,"Complete",FALSE,FALSE,FALSE,FALSE,FALSE,FALSE,FALSE,FALSE,TRUE,3,FALSE,TRUE,FALSE,NA,NA,TRUE,FALSE,NA,FALSE,FALSE,FALSE,"Nicole Bazger (MI, OH)",86
42,"Straight couple","Patrick Beeman, MD (OH)","Yes","One",2026-06-01,"No",0,205,0,2026-06-24,"Included where physician was able to be contacted","Less than 1 mo","Yes they accept insurance","Unable to answer","less than 10,000","no","no","Complete",TRUE,TRUE,FALSE,FALSE,FALSE,FALSE,FALSE,FALSE,TRUE,0,TRUE,TRUE,TRUE,23,3.17805383034795,FALSE,TRUE,"Yes they accept insurance",TRUE,FALSE,FALSE,"Patrick Beeman, MD Veranova Health (OH)",88
43,"Straight couple","Kyle Beiter, MD (NC)","Yes","One",2026-06-01,"No",NA,74,0,NA,"Included where physician was able to be contacted",NA,NA,NA,NA,NA,NA,"Complete",FALSE,FALSE,FALSE,FALSE,FALSE,FALSE,FALSE,FALSE,TRUE,0,TRUE,TRUE,TRUE,NA,NA,TRUE,FALSE,NA,FALSE,FALSE,FALSE,"Kyle Beiter, MD (NC)",72
44,"Straight couple","Brianna Best, DO (FL)","No","One",2026-06-01,"No",0,NA,NA,NA,"Went to voicemail",NA,NA,NA,NA,NA,NA,"Complete",FALSE,FALSE,FALSE,FALSE,FALSE,FALSE,FALSE,FALSE,FALSE,8,FALSE,TRUE,FALSE,NA,NA,TRUE,FALSE,NA,FALSE,FALSE,FALSE,"Brianna Best, DO (FL)",19
45,"Lesbian couple","Paul A. Carpentier, MD, CFCMC (NY) 37","Yes","One",2026-06-01,"No",0,150,285,NA,"Included where physician was able to be contacted",NA,"Yes they accept insurance",NA,NA,"no","no","Complete",TRUE,TRUE,FALSE,FALSE,FALSE,FALSE,TRUE,FALSE,TRUE,0,TRUE,TRUE,TRUE,NA,NA,TRUE,TRUE,"Yes they accept insurance",FALSE,FALSE,FALSE,"Paul A. Carpentier, MD, CFCMC (NY)",89
46,"Lesbian couple","Edward J Fleming, MD, CFCMC (PA) 38","Yes","One",2026-06-01,"No",0,180,0,2026-06-08,"Included where physician was able to be contacted","Less than 1 mo","No they don't accept insurance","Unable to answer","less than 10,000","no","no","Complete",TRUE,TRUE,FALSE,FALSE,FALSE,TRUE,TRUE,TRUE,TRUE,0,TRUE,TRUE,TRUE,7,2.07944154167984,FALSE,FALSE,"No they don't accept insurance",TRUE,FALSE,FALSE,"Edward J Fleming, MD, CFCMC (PA)",35
47,"Straight couple","Maura Buete, MD (Telehealth)","No","One",2026-06-01,"Yes",NA,NA,NA,NA,"Number contacted did not correspond to expected office/specialty",NA,NA,NA,NA,NA,NA,"Complete",FALSE,FALSE,FALSE,FALSE,FALSE,FALSE,FALSE,FALSE,TRUE,3,FALSE,TRUE,FALSE,NA,NA,TRUE,FALSE,NA,FALSE,FALSE,FALSE,"Maura Buete, MD (Telehealth)",82
48,"Lesbian couple","Nicholas Kongoasa, MD FACOG (AL) 41","Yes","One",2026-06-01,"No",0,300,90,2026-07-21,"Included where physician was able to be contacted","1-2 mo","Yes they accept insurance","Unable to answer","Unable to provide estimate","no","no","Complete",TRUE,TRUE,TRUE,FALSE,FALSE,TRUE,TRUE,TRUE,TRUE,0,TRUE,TRUE,TRUE,50,3.93182563272433,FALSE,TRUE,"Yes they accept insurance",FALSE,FALSE,FALSE,"Nicholas Kongoasa, MD, FACOG (AL)",85
49,"Straight couple","Mary Callahan, MD (telehealth)","No","One",2026-06-01,"No",0,44,0,2026-06-01,"Included where physician was able to be contacted","Less than 1 mo","Yes they accept insurance","Unable to answer","Unable to provide estimate","yes","no","Complete",TRUE,TRUE,FALSE,FALSE,FALSE,FALSE,FALSE,FALSE,FALSE,0,TRUE,TRUE,TRUE,0,0,FALSE,TRUE,"Yes they accept insurance",FALSE,FALSE,FALSE,"Mary Callahan, MD (telehealth)",81
50,"Straight couple","Susan Caldwell, MD (LA, CA)","Yes","One",2026-06-01,"No",0,61,20,NA,"Not accepting new patients",NA,NA,NA,NA,NA,NA,"Complete",FALSE,FALSE,FALSE,FALSE,FALSE,FALSE,FALSE,FALSE,FALSE,9,FALSE,TRUE,FALSE,NA,NA,TRUE,FALSE,NA,FALSE,FALSE,FALSE,"Susan Caldwell, MD (LA, CA)",98
51,"Lesbian couple","Barb Giles, RNC (SD) 36","No","Unable to reach",2026-06-01,"No",0,15,0,NA,"Went to voicemail",NA,NA,NA,NA,NA,NA,"Complete",FALSE,FALSE,FALSE,FALSE,FALSE,FALSE,FALSE,FALSE,TRUE,8,FALSE,TRUE,FALSE,NA,NA,TRUE,FALSE,NA,FALSE,FALSE,FALSE,"Barb Giles, RNC (SD)",13
52,"Straight couple","Abiding FertilityCare Center (TX)","No","Three",2026-06-01,NA,0,NA,NA,NA,"Went to voicemail",NA,NA,NA,NA,NA,NA,"Complete",FALSE,FALSE,FALSE,FALSE,FALSE,FALSE,FALSE,FALSE,FALSE,8,FALSE,TRUE,FALSE,NA,NA,TRUE,FALSE,NA,FALSE,FALSE,FALSE,"Abiding FertilityCare Center (TX)",4
53,"Straight couple","Craig Cunningham, MD (IA)","Yes","One",2026-06-01,"No",0,189,0,2026-06-22,"Included where physician was able to be contacted","Less than 1 mo","Yes they accept insurance","Unable to answer","less than 10,000","yes","no","Complete",TRUE,TRUE,FALSE,FALSE,FALSE,FALSE,FALSE,FALSE,FALSE,0,TRUE,TRUE,TRUE,21,3.09104245335832,FALSE,TRUE,"Yes they accept insurance",TRUE,FALSE,FALSE,"Craig Cunningham, MD (IA)",27
54,"Lesbian couple","Stephanie Gavin BSN, RN, FCP (Bluebonnet FertilityCare TX)","Yes","One",2026-06-01,"No",0,484,0,2026-06-08,"Included where physician was able to be contacted","Less than 1 mo","No they don't accept insurance","Unable to answer","less than 10,000","no","no","Complete",TRUE,FALSE,FALSE,FALSE,FALSE,TRUE,TRUE,TRUE,TRUE,0,TRUE,TRUE,TRUE,7,2.07944154167984,FALSE,FALSE,"No they don't accept insurance",TRUE,FALSE,FALSE,"Stephanie Gavin BSN, RN, FCP (Bluebonnet FertilityCare TX)",97
55,"Straight couple","Benjamin Paul, DO (IA)","Yes","One",2026-06-01,"No",0,190,45,2026-07-01,"Included where physician was able to be contacted","Less than 1 mo","Yes they accept insurance","Unable to answer","Unable to provide estimate","yes","no","Complete",TRUE,TRUE,FALSE,FALSE,FALSE,FALSE,FALSE,FALSE,TRUE,0,TRUE,TRUE,TRUE,30,3.43398720448515,FALSE,TRUE,"Yes they accept insurance",FALSE,FALSE,FALSE,"Benjamin Paul, DO (IA)",14
56,"Straight couple","Teresa Studer, M.D. (IA)","Yes","One",2026-06-01,NA,NA,NA,NA,NA,"Greater than 5 minutes on hold",NA,NA,NA,NA,NA,NA,"Complete",FALSE,FALSE,FALSE,FALSE,FALSE,FALSE,FALSE,FALSE,FALSE,2,FALSE,TRUE,FALSE,NA,NA,TRUE,FALSE,NA,FALSE,FALSE,FALSE,"Teresa Studer, M.D. (IA)",101
57,"Single mother","Paul A. Carpentier, MD, CFCMC (NY) 37","Yes","One",2026-06-02,"No",0,180,90,NA,"Included where physician was able to be contacted",NA,"Yes they accept insurance","Unable to answer","Unable to provide estimate","no","no","Complete",TRUE,TRUE,FALSE,FALSE,FALSE,FALSE,TRUE,FALSE,TRUE,0,TRUE,TRUE,TRUE,NA,NA,TRUE,TRUE,"Yes they accept insurance",FALSE,FALSE,FALSE,"Paul A. Carpentier, MD, CFCMC (NY)",89
58,"Lesbian couple","Nicole Boudreau, MD (MA) 40","No","Two",2026-06-01,"No",0,240,0,2026-06-02,"Included where physician was able to be contacted","Less than 1 mo","Yes they accept insurance","Unable to answer","Unable to provide estimate","yes","no","Complete",TRUE,TRUE,FALSE,FALSE,FALSE,TRUE,TRUE,TRUE,TRUE,0,TRUE,TRUE,TRUE,1,0.693147180559945,FALSE,TRUE,"Yes they accept insurance",FALSE,FALSE,FALSE,"Nicole Boudreau, MD (MA)",87
59,"Lesbian couple","Monique Ruberu MD, FACOG (PA) 42","No","Two",2026-06-01,"No",0,180,0,NA,"Included where physician was able to be contacted",NA,"Yes they accept insurance","Unable to answer","Unable to provide estimate","no","no","Complete",TRUE,TRUE,FALSE,FALSE,FALSE,TRUE,TRUE,FALSE,TRUE,0,TRUE,TRUE,TRUE,NA,NA,TRUE,TRUE,"Yes they accept insurance",FALSE,FALSE,FALSE,"Monique Ruberu MD, FACOG (PA)",84
60,"Lesbian couple","Lisa Cote, FCP Costal FertilityCare (NH) 58","Yes","One",2026-06-02,"No",0,397,0,2026-06-08,"Included where physician was able to be contacted","Less than 1 mo","No they don't accept insurance","Less than 6 mo","less than 10,000","no","no","Complete",TRUE,FALSE,FALSE,FALSE,FALSE,TRUE,TRUE,TRUE,TRUE,0,TRUE,TRUE,TRUE,6,1.94591014905531,FALSE,FALSE,"No they don't accept insurance",TRUE,TRUE,FALSE,"Lisa Cote, FCP Coastal FertilityCare (NH)",76
61,"Single mother","Stephanie Gavin, BSN, RN FCP (Bluebonnet FertilityCare TX) 54","Yes","One",2026-06-02,"No",0,276,0,2026-06-08,"Included where physician was able to be contacted","Less than 1 mo","No they don't accept insurance","Unable to answer","less than 10,000","no","no","Complete",TRUE,FALSE,FALSE,FALSE,FALSE,TRUE,TRUE,TRUE,TRUE,0,TRUE,TRUE,TRUE,6,1.94591014905531,FALSE,FALSE,"No they don't accept insurance",TRUE,FALSE,FALSE,"Stephanie Gavin BSN, RN, FCP (Bluebonnet FertilityCare TX)",97
62,"Lesbian couple","Michelle Chambers, FCP (Creighton Model FertilityCare Center of the Heartland, LLC NE) 63","Yes","One",2026-06-02,"No",0,263,0,2026-06-06,"Included where physician was able to be contacted","Less than 1 mo","No they don't accept insurance","Less than 6 mo","Unable to provide estimate","no","no","Complete",TRUE,FALSE,FALSE,FALSE,FALSE,TRUE,TRUE,TRUE,TRUE,0,TRUE,TRUE,TRUE,4,1.6094379124341,FALSE,FALSE,"No they don't accept insurance",FALSE,TRUE,FALSE,"Michelle Chambers, FCP Creighton Model FertilityCare Center of the Heartland, LLC (NE)",83
63,"Lesbian couple","Dr. Kristina Pakiz, MD (NE)","Yes","One",2026-06-02,"No",0,485,0,NA,"Included where physician was able to be contacted","3+ mo","Yes they accept insurance","Unable to answer","Unable to provide estimate","no","no","Complete",TRUE,TRUE,FALSE,FALSE,FALSE,FALSE,FALSE,FALSE,TRUE,0,TRUE,TRUE,TRUE,NA,NA,TRUE,TRUE,"Yes they accept insurance",FALSE,FALSE,FALSE,"Dr. Kristina Pakiz, MD (NE)",31
64,"Lesbian couple","Teresa Kenney, APRN (NE)","Yes","One",2026-06-02,"Yes",NA,638,70,2026-09-02,"Included where physician was able to be contacted","3+ mo","Yes they accept insurance","Unable to answer","Unable to provide estimate","no","no","Complete",TRUE,TRUE,FALSE,FALSE,FALSE,FALSE,FALSE,FALSE,TRUE,0,TRUE,TRUE,TRUE,92,4.53259949315326,FALSE,TRUE,"Yes they accept insurance",FALSE,FALSE,FALSE,"Teresa Kenney, APRN (NE)",100
65,"Lesbian couple","Jeff Cannon, MD (TX)","Yes","One",2026-06-01,"No",0,102,0,NA,"Included where physician was able to be contacted",NA,"Yes they accept insurance","Unable to answer","Unable to provide estimate","no","no","Complete",TRUE,TRUE,FALSE,FALSE,FALSE,TRUE,TRUE,TRUE,TRUE,0,TRUE,TRUE,TRUE,NA,NA,TRUE,TRUE,"Yes they accept insurance",FALSE,FALSE,FALSE,"Jeff Cannon, MD (TX)",67
66,"Straight couple","Jeff Cannon, MD (TX)","Yes","One",2026-06-02,"No",0,30,15,NA,"Included where physician was able to be contacted",NA,NA,NA,NA,"no","no","Complete",FALSE,FALSE,FALSE,FALSE,FALSE,FALSE,FALSE,FALSE,FALSE,0,TRUE,TRUE,TRUE,NA,NA,TRUE,FALSE,NA,FALSE,FALSE,FALSE,"Jeff Cannon, MD (TX)",67
67,"Straight couple","Robin Roach, FCP (Austin FertilityCare Center TX)","No","One",2026-06-02,"No",NA,123,12,2026-06-25,"Included where physician was able to be contacted","Less than 1 mo","Yes they accept insurance","Unable to answer","Unable to provide estimate","yes","no","Complete",TRUE,TRUE,TRUE,FALSE,FALSE,FALSE,FALSE,FALSE,FALSE,0,TRUE,TRUE,TRUE,23,3.17805383034795,FALSE,TRUE,"Yes they accept insurance",FALSE,FALSE,FALSE,"Robin Roach, FCP (Austin FertilityCare Center TX)",93
68,"Lesbian couple","Marah Van Diest, M.D. (SD)","Yes","One",2026-06-02,"Yes",NA,428,120,2026-06-25,"Included where physician was able to be contacted","1-2 mo","Yes they accept insurance","Unable to answer","Unable to provide estimate","no","no","Complete",TRUE,TRUE,FALSE,FALSE,FALSE,FALSE,FALSE,FALSE,TRUE,0,TRUE,TRUE,TRUE,23,3.17805383034795,FALSE,TRUE,"Yes they accept insurance",FALSE,FALSE,FALSE,"Marah Van Diest, M.D. (SD)",77
69,"Straight couple","Marise Frangie MS, CFCP (Cedar of Lebanon FertilityCare Center, MA)","No","One",2026-06-01,"No",NA,NA,NA,NA,"Went to voicemail",NA,NA,NA,NA,NA,NA,"Complete",FALSE,FALSE,FALSE,FALSE,FALSE,FALSE,FALSE,FALSE,FALSE,8,FALSE,TRUE,FALSE,NA,NA,TRUE,FALSE,NA,FALSE,FALSE,FALSE,"Marise Frangie MS, CFCP (Cedar of Lebanon FertilityCare Center, MA)",79
70,"Lesbian couple","Wendy Imm RN, FCP (Divine Grace FertilityCare OH) 66","Yes","One",2026-06-02,"No",0,300,0,2026-07-22,"Included where physician was able to be contacted","1-2 mo","No they don't accept insurance","Less than 6 mo","Unable to provide estimate","no","no","Complete",TRUE,FALSE,FALSE,FALSE,FALSE,TRUE,TRUE,TRUE,TRUE,0,TRUE,TRUE,TRUE,50,3.93182563272433,FALSE,FALSE,"No they don't accept insurance",FALSE,TRUE,FALSE,"Wendy Imm, RN, FCP (Divine Grace FertilityCare OH)",102
71,"Lesbian couple","Benjamin Paul, DO (IA)","Yes","One",2026-06-02,"Yes",NA,265,60,NA,"Included where physician was able to be contacted",NA,"Yes they accept insurance","Unable to answer","Unable to provide estimate","no","no","Complete",FALSE,FALSE,FALSE,FALSE,FALSE,FALSE,FALSE,FALSE,TRUE,0,TRUE,TRUE,TRUE,NA,NA,TRUE,TRUE,"Yes they accept insurance",FALSE,FALSE,FALSE,"Benjamin Paul, DO (IA)",14
72,"Lesbian couple","Stefania Bigi Alzati, FCP (Discover Your Cycle FertilityCare Center CA)","Yes","One",2026-06-02,"No",0,305,0,2026-08-03,"Included where physician was able to be contacted","1-2 mo","No they don't accept insurance","Less than 6 mo","Unable to provide estimate","no","no","Complete",TRUE,FALSE,FALSE,FALSE,FALSE,TRUE,TRUE,TRUE,TRUE,0,TRUE,TRUE,TRUE,62,4.14313472639153,FALSE,FALSE,"No they don't accept insurance",FALSE,TRUE,FALSE,"Stefania Bigi Alzati, FCP (Discover Your Cycle FertilityCare Center CA)",96
73,"Lesbian couple","Craig Cunningham, MD (IA)","Yes","One",2026-06-02,"No",0,180,0,NA,NA,"Less than 1 mo","Yes they accept insurance","Unable to answer","Unable to provide estimate","yes","no","Complete",TRUE,TRUE,FALSE,FALSE,FALSE,FALSE,FALSE,FALSE,TRUE,NA,FALSE,TRUE,FALSE,NA,NA,TRUE,TRUE,"Yes they accept insurance",FALSE,FALSE,FALSE,"Craig Cunningham, MD (IA)",27
74,"Lesbian couple","Teresa Asam Jensen, MD (telehealth)","Yes","One",2026-06-02,"Yes",0,600,0,NA,"Greater than 5 minutes on hold",NA,"Yes they accept insurance","Unable to answer","Unable to provide estimate","no","no","Complete",TRUE,TRUE,FALSE,FALSE,FALSE,FALSE,FALSE,FALSE,FALSE,2,FALSE,TRUE,FALSE,NA,NA,TRUE,TRUE,"Yes they accept insurance",FALSE,FALSE,FALSE,"Teresa Asam Jensen, MD (telehealth)",99
75,"Lesbian couple","Patrick Beeman, MD Veranova Health (OH)","Yes","One",2026-06-03,"Yes",NA,300,0,NA,NA,"1-2 mo","Yes they accept insurance","Unable to answer","Unable to provide estimate","no","no","Complete",TRUE,TRUE,FALSE,FALSE,FALSE,TRUE,FALSE,FALSE,TRUE,NA,FALSE,TRUE,FALSE,NA,NA,TRUE,TRUE,"Yes they accept insurance",FALSE,FALSE,FALSE,"Patrick Beeman, MD Veranova Health (OH)",88
76,"Single mother","Edward J Fleming, MD, CFCMC (PA) 38","Yes","One",2026-06-03,"No",0,200,0,2026-09-16,"Included where physician was able to be contacted","3+ mo","No they don't accept insurance","Unable to answer","Unable to provide estimate","no","no","Complete",TRUE,TRUE,FALSE,FALSE,FALSE,TRUE,TRUE,TRUE,TRUE,0,TRUE,TRUE,TRUE,105,4.66343909411207,FALSE,FALSE,"No they don't accept insurance",FALSE,FALSE,FALSE,"Edward J Fleming, MD, CFCMC (PA)",35
77,"Single mother","Nicholas Kongoasa, MD FACOG (AL) 41","Yes","One",2026-06-03,"No",0,199,0,2026-06-23,"Included where physician was able to be contacted","Less than 1 mo","Yes they accept insurance","Unable to answer","Unable to provide estimate","no","no","Complete",TRUE,TRUE,TRUE,FALSE,FALSE,TRUE,TRUE,TRUE,TRUE,0,TRUE,TRUE,TRUE,20,3.04452243772342,FALSE,TRUE,"Yes they accept insurance",FALSE,FALSE,FALSE,"Nicholas Kongoasa, MD, FACOG (AL)",85
78,"Single mother","Marise Frangie MS, CFCP (Cedar of Lebanon FertilityCare Center, MA) 49","No","Three",2026-06-01,"No",0,275,0,2026-06-19,"Included where physician was able to be contacted","Less than 1 mo","No they don't accept insurance","Less than 6 mo","less than 10,000","no","no","Complete",TRUE,FALSE,FALSE,FALSE,FALSE,TRUE,TRUE,TRUE,TRUE,0,TRUE,TRUE,TRUE,18,2.94443897916644,FALSE,FALSE,"No they don't accept insurance",TRUE,TRUE,FALSE,"Marise Frangie MS, CFCP (Cedar of Lebanon FertilityCare Center, MA)",79
79,"Lesbian couple","Leslie Marbach, PharmD, CFCP (Abiding FertilityCare Center TX)","No","Unable to reach",2026-06-01,"No",0,7,0,NA,"Went to voicemail",NA,NA,NA,NA,NA,NA,"Complete",FALSE,FALSE,FALSE,FALSE,FALSE,FALSE,FALSE,FALSE,TRUE,8,FALSE,TRUE,FALSE,NA,NA,TRUE,FALSE,NA,FALSE,FALSE,FALSE,"Leslie Marbach, PharmD, CFCP (Abiding FertilityCare Center TX)",73
80,"Lesbian couple","Beth Berard, CFCP (Caritas FertilityCare MD) 55","No","Unable to reach",2026-06-01,"No",0,13,0,NA,"Went to voicemail",NA,NA,NA,NA,NA,NA,"Complete",FALSE,FALSE,FALSE,FALSE,FALSE,FALSE,FALSE,FALSE,TRUE,8,FALSE,TRUE,FALSE,NA,NA,TRUE,FALSE,NA,FALSE,FALSE,FALSE,"Beth Berard, CFCP (Caritas FertilityCare MD)",15
81,"Lesbian couple","Bismarck FertilityCare Center (ND) 53","No","Unable to reach",2026-06-01,"No",0,45,0,NA,"Went to voicemail",NA,NA,NA,NA,NA,NA,"Complete",FALSE,FALSE,FALSE,FALSE,FALSE,FALSE,FALSE,FALSE,TRUE,8,FALSE,TRUE,FALSE,NA,NA,TRUE,FALSE,NA,FALSE,FALSE,FALSE,"Bismarck FertilityCare Center (ND)",16
82,"Lesbian couple","Columbia Basin FertilityCare Services (WA) 59","No","Unable to reach",2026-06-01,"No",0,15,0,NA,"Went to voicemail",NA,NA,NA,NA,NA,NA,"Complete",FALSE,FALSE,FALSE,FALSE,FALSE,FALSE,FALSE,FALSE,TRUE,8,FALSE,TRUE,FALSE,NA,NA,TRUE,FALSE,NA,FALSE,FALSE,FALSE,"Columbia Basin FertilityCare Services (WA)",25
83,"Lesbian couple","Shane T Fejfar, MD, FAAOS","No","Unable to reach",2026-06-01,"No",0,NA,NA,NA,"Greater than 5 minutes on hold",NA,NA,NA,NA,NA,NA,"Complete",FALSE,FALSE,FALSE,FALSE,FALSE,FALSE,FALSE,FALSE,FALSE,2,FALSE,TRUE,FALSE,NA,NA,TRUE,FALSE,NA,FALSE,FALSE,FALSE,"Shane T Fejfar, MD, FAAOS",95
84,"Lesbian couple","Archdiocese of San Francisco FertilityCare Center 48","No","Unable to reach",2026-06-01,"No",0,12,0,NA,"Went to voicemail",NA,NA,NA,NA,NA,NA,"Complete",FALSE,FALSE,FALSE,FALSE,FALSE,FALSE,FALSE,FALSE,TRUE,8,FALSE,TRUE,FALSE,NA,NA,TRUE,FALSE,NA,FALSE,FALSE,FALSE,"Archdiocese of San Francisco FertilityCare Center",7
85,"Lesbian couple","Avera St. Luke FertilityCare Services (SD) 52","No","Unable to reach",2026-06-01,"No",0,9,0,NA,"Went to voicemail",NA,NA,NA,NA,NA,NA,"Complete",FALSE,FALSE,FALSE,FALSE,FALSE,FALSE,FALSE,FALSE,TRUE,8,FALSE,TRUE,FALSE,NA,NA,TRUE,FALSE,NA,FALSE,FALSE,FALSE,"Avera St. Luke FertilityCare Services (SD)",12
86,"Single mother","Stefania Bigi Alzati, FCP (Discover Your Cycle FertilityCare Center CA) 65","Yes","One",2026-06-03,"No",0,230,0,2026-08-03,"Included where physician was able to be contacted","1-2 mo","No they don't accept insurance","Less than 6 mo","Unable to provide estimate","no","no","Complete",TRUE,FALSE,FALSE,FALSE,FALSE,TRUE,TRUE,TRUE,TRUE,0,TRUE,TRUE,TRUE,61,4.12713438504509,FALSE,FALSE,"No they don't accept insurance",FALSE,TRUE,FALSE,"Stefania Bigi Alzati, FCP (Discover Your Cycle FertilityCare Center CA)",96
87,"Single mother","Lisa Cote, FCP Coastal FertilityCare (NH) 58","Yes","One",2026-06-03,"No",0,250,0,2026-06-08,"Included where physician was able to be contacted","Less than 1 mo","No they don't accept insurance","Less than 6 mo","less than 10,000","no","no","Complete",TRUE,FALSE,FALSE,FALSE,FALSE,TRUE,TRUE,TRUE,TRUE,0,TRUE,TRUE,TRUE,5,1.79175946922805,FALSE,FALSE,"No they don't accept insurance",TRUE,TRUE,FALSE,"Lisa Cote, FCP Coastal FertilityCare (NH)",76
88,"Lesbian couple","Jean Golden-Tevald, DO, CFCMC, IFMCP (NJ) 39","No","Two",2026-06-02,"No",0,216,0,2026-07-07,"Included where physician was able to be contacted","1-2 mo","No they don't accept insurance","Less than 6 mo","less than 10,000","no","no","Complete",TRUE,TRUE,FALSE,FALSE,FALSE,TRUE,TRUE,TRUE,TRUE,0,TRUE,TRUE,TRUE,35,3.58351893845611,FALSE,FALSE,"No they don't accept insurance",TRUE,TRUE,FALSE,"Jean Golden-Tevald, DO, CFCMC, IFMCP (NJ)",66
89,"Single mother","Nicole Boudreau, MD (MA) 40","Yes","One",2026-06-03,"No",0,55,0,2026-06-15,"Included where physician was able to be contacted","Less than 1 mo","Yes they accept insurance","Unable to answer","Unable to provide estimate","yes","no","Complete",TRUE,TRUE,FALSE,FALSE,FALSE,TRUE,TRUE,TRUE,TRUE,0,TRUE,TRUE,TRUE,12,2.56494935746154,FALSE,TRUE,"Yes they accept insurance",FALSE,FALSE,FALSE,"Nicole Boudreau, MD (MA)",87
90,"Single mother","Monique Ruberu MD, FACOG (PA) 42","Yes","One",2026-06-03,"No",0,150,0,NA,"Included where physician was able to be contacted",NA,"No they don't accept insurance","Unable to answer","Unable to provide estimate","no","no","Complete",TRUE,TRUE,FALSE,FALSE,FALSE,TRUE,TRUE,FALSE,TRUE,0,TRUE,TRUE,TRUE,NA,NA,TRUE,FALSE,"No they don't accept insurance",FALSE,FALSE,FALSE,"Monique Ruberu MD, FACOG (PA)",84
91,"Single mother","Wendy Imm RN, FCP (Divine Grace FertilityCare OH) 66","Yes","One",2026-06-03,"No",0,200,0,2026-07-22,"Included where physician was able to be contacted","1-2 mo","No they don't accept insurance","Less than 6 mo","Unable to provide estimate","no","no","Complete",TRUE,FALSE,FALSE,FALSE,FALSE,TRUE,TRUE,TRUE,TRUE,0,TRUE,TRUE,TRUE,49,3.91202300542815,FALSE,FALSE,"No they don't accept insurance",FALSE,TRUE,FALSE,"Wendy Imm, RN, FCP (Divine Grace FertilityCare OH)",102
92,"Lesbian couple","Anna Lacey (SD, virtual)","No","Unable to reach",2026-06-01,"No",0,NA,NA,NA,"Went to voicemail",NA,NA,NA,NA,NA,NA,"Complete",FALSE,FALSE,FALSE,FALSE,FALSE,FALSE,FALSE,FALSE,FALSE,8,FALSE,TRUE,FALSE,NA,NA,TRUE,FALSE,NA,FALSE,FALSE,FALSE,"Anna Lacey (SD, virtual)",6
93,"Lesbian couple","Briana Mueller, FCP (Donum FertilityCare Center SD)","No","One",2026-06-01,"No",0,NA,NA,NA,"Greater than 5 minutes on hold",NA,NA,NA,NA,NA,NA,"Complete",FALSE,FALSE,FALSE,FALSE,FALSE,FALSE,FALSE,FALSE,FALSE,2,FALSE,TRUE,FALSE,NA,NA,TRUE,FALSE,NA,FALSE,FALSE,FALSE,"Briana Mueller, FCP (Donum FertilityCare Center SD)",18
94,"Lesbian couple","Mary Anderson, MD (LA, CA)","Yes","One",2026-06-03,"No",0,540,240,2026-06-15,"Included where physician was able to be contacted","Less than 1 mo","No they don't accept insurance","Unable to answer","Unable to provide estimate","no","no","Complete",TRUE,TRUE,FALSE,FALSE,FALSE,FALSE,FALSE,FALSE,TRUE,0,TRUE,TRUE,TRUE,12,2.56494935746154,FALSE,FALSE,"No they don't accept insurance",FALSE,FALSE,FALSE,"Mary Anderson, MD (LA, CA)",80
95,"Lesbian couple","Kyle Beiter, MD (NC)","Yes","One",2026-06-03,"No",0,140,0,NA,"Included where physician was able to be contacted","Less than 1 mo",NA,NA,NA,"no","no","Complete",TRUE,TRUE,FALSE,FALSE,FALSE,FALSE,FALSE,FALSE,TRUE,0,TRUE,TRUE,TRUE,NA,NA,TRUE,FALSE,NA,FALSE,FALSE,FALSE,"Kyle Beiter, MD (NC)",72
96,"Lesbian couple","Emmaus Road FertilityCare (FL), 69","Yes","One",2026-06-03,"No",0,30,30,NA,"Included where physician was able to be contacted",NA,NA,NA,NA,"no","no","Complete",TRUE,TRUE,FALSE,FALSE,FALSE,FALSE,FALSE,FALSE,TRUE,0,TRUE,TRUE,TRUE,NA,NA,TRUE,FALSE,NA,FALSE,FALSE,FALSE,"Emmaus Road FertilityCare (FL)",36
97,"Lesbian couple","Empowered FertilityCare Center (TX)","Yes","One",2026-06-03,"No",0,30,30,NA,"Included where physician was able to be contacted",NA,NA,NA,NA,"no","no","Complete",TRUE,TRUE,FALSE,FALSE,FALSE,FALSE,FALSE,FALSE,FALSE,0,TRUE,TRUE,TRUE,NA,NA,TRUE,FALSE,NA,FALSE,FALSE,FALSE,"Empowered FertilityCare Center (TX)",37
98,"Lesbian couple","FertilityCare at FMCC-Fertility and Midwifery Care Center (IN)","Yes","One",2026-06-03,"No",0,30,180,NA,"Included where physician was able to be contacted",NA,NA,NA,NA,"no","no","Complete",TRUE,TRUE,FALSE,FALSE,FALSE,FALSE,FALSE,FALSE,TRUE,0,TRUE,TRUE,TRUE,NA,NA,TRUE,FALSE,NA,FALSE,FALSE,FALSE,"FertilityCare at FMCC-Fertility and Midwifery Care Center (IN)",43
99,"Lesbian couple","FertilityCare Services Catholic Diocese of Wichita (KS), 95","Yes","One",2026-06-03,"No",0,180,30,NA,"Included where physician was able to be contacted",NA,"No they don't accept insurance",NA,NA,"no","no","Complete",TRUE,TRUE,FALSE,FALSE,FALSE,TRUE,FALSE,FALSE,TRUE,0,TRUE,TRUE,TRUE,NA,NA,TRUE,FALSE,"No they don't accept insurance",FALSE,FALSE,FALSE,"FertilityCare Services Catholic Diocese of Wichita (KS)",59
100,"Lesbian couple","FertilityCare Services of Denver through Bella Health + Wellness (CO)","Yes","One",2026-06-03,"No",NA,600,120,2026-07-30,NA,"1-2 mo","Yes they accept insurance","Unable to answer","less than 10,000","no","no","Complete",TRUE,TRUE,FALSE,FALSE,FALSE,TRUE,FALSE,FALSE,TRUE,NA,FALSE,TRUE,FALSE,57,4.06044301054642,FALSE,TRUE,"Yes they accept insurance",TRUE,FALSE,FALSE,"FertilityCare Services of Denver through Bella Health + Wellness (CO)",60
101,"Single mother","Michelle Chambers, FCP Creighton Model FertilityCare Center of the Heartland, LLC (NE) 63","Yes","One",2026-06-03,"No",0,190,0,2026-06-06,"Included where physician was able to be contacted","Less than 1 mo","No they don't accept insurance","Less than 6 mo","Unable to provide estimate","no","no","Complete",TRUE,FALSE,FALSE,FALSE,FALSE,TRUE,TRUE,TRUE,TRUE,0,TRUE,TRUE,TRUE,3,1.38629436111989,FALSE,FALSE,"No they don't accept insurance",FALSE,TRUE,FALSE,"Michelle Chambers, FCP Creighton Model FertilityCare Center of the Heartland, LLC (NE)",83
102,"Lesbian couple","Briana Mueller, FCP (Donum FertilityCare Center SD) 67","No","Unable to reach",2026-06-02,"No",0,53,NA,NA,"Went to voicemail",NA,NA,NA,NA,NA,NA,"Complete",FALSE,FALSE,FALSE,FALSE,FALSE,FALSE,FALSE,FALSE,TRUE,8,FALSE,TRUE,FALSE,NA,NA,TRUE,FALSE,NA,FALSE,FALSE,FALSE,"Briana Mueller, FCP (Donum FertilityCare Center SD)",18
103,"Lesbian couple","Ave Maria FertilityCare Center of Tampa Bay (FL) 51","No","Unable to reach",2026-06-02,"No",0,12,0,NA,"Went to voicemail",NA,NA,NA,NA,NA,NA,"Complete",FALSE,FALSE,FALSE,FALSE,FALSE,FALSE,FALSE,FALSE,TRUE,8,FALSE,TRUE,FALSE,NA,NA,TRUE,FALSE,NA,FALSE,FALSE,FALSE,"Ave Maria FertilityCare Center of Tampa Bay (FL)",10
104,"Lesbian couple","Catholic FertilityCare Center of Western New York (NY) 56","No","Unable to reach",2026-06-02,"No",0,10,0,NA,"Went to voicemail",NA,NA,NA,NA,NA,NA,"Complete",FALSE,FALSE,FALSE,FALSE,FALSE,FALSE,FALSE,FALSE,TRUE,8,FALSE,TRUE,FALSE,NA,NA,TRUE,FALSE,NA,FALSE,FALSE,FALSE,"Catholic FertilityCare Center of Western New York (NY)",22
105,"Lesbian couple","Robin Roach, FCP (Austin FertilityCare Center TX)","No","Three",2026-06-02,"No",0,14,0,NA,"Went to voicemail",NA,NA,NA,NA,NA,NA,"Complete",FALSE,FALSE,FALSE,FALSE,FALSE,FALSE,FALSE,FALSE,TRUE,8,FALSE,TRUE,FALSE,NA,NA,TRUE,FALSE,NA,FALSE,FALSE,FALSE,"Robin Roach, FCP (Austin FertilityCare Center TX)",93
106,"Single mother","Jeff Cannon, MD (TX) 43","Yes","One",2026-06-03,"No",0,153,180,NA,"Included where physician was able to be contacted",NA,"Yes they accept insurance",NA,NA,"no","no","Complete",TRUE,TRUE,FALSE,FALSE,FALSE,FALSE,TRUE,FALSE,TRUE,0,TRUE,TRUE,TRUE,NA,NA,TRUE,TRUE,"Yes they accept insurance",FALSE,FALSE,FALSE,"Jeff Cannon, MD (TX)",67
107,"Single mother","Jean Golden-Tevald, DO, CFCMC, IFMCP (NJ) 39","Yes","One",2026-06-04,"No",0,229,0,2026-07-07,"Included where physician was able to be contacted","1-2 mo","No they don't accept insurance",NA,"Unable to provide estimate","no","no","Complete",TRUE,TRUE,FALSE,FALSE,FALSE,TRUE,TRUE,TRUE,TRUE,0,TRUE,TRUE,TRUE,33,3.52636052461616,FALSE,FALSE,"No they don't accept insurance",FALSE,FALSE,FALSE,"Jean Golden-Tevald, DO, CFCMC, IFMCP (NJ)",66
108,"Lesbian couple","Community FertilityCare Center (AL) 60","No","Unable to reach",2026-06-02,"No",0,9,0,NA,"Went to voicemail",NA,NA,NA,NA,NA,NA,"Complete",FALSE,FALSE,FALSE,FALSE,FALSE,FALSE,FALSE,FALSE,TRUE,8,FALSE,TRUE,FALSE,NA,NA,TRUE,FALSE,NA,FALSE,FALSE,FALSE,"Community FertilityCare Center (AL)",26
109,"Lesbian couple","Kristin Blanchard, MS FCP (Compassion FertilityCare Center CO) 61","No","Unable to reach",2026-06-02,"No",0,36,0,NA,"Went to voicemail",NA,NA,NA,NA,NA,NA,"Complete",FALSE,FALSE,FALSE,FALSE,FALSE,FALSE,FALSE,FALSE,TRUE,8,FALSE,TRUE,FALSE,NA,NA,TRUE,FALSE,NA,FALSE,FALSE,FALSE,"Kristin Blanchard, MS FCP (Compassion FertilityCare Center CO)",71
110,"Lesbian couple","Lindy Meyer, CFCP, CFCE (Diocese of Salina FertilityCare Services KS)","No","Unable to reach",2026-06-02,"No",0,10,0,NA,"Went to voicemail",NA,NA,NA,NA,NA,NA,"Complete",FALSE,FALSE,FALSE,FALSE,FALSE,FALSE,FALSE,FALSE,TRUE,8,FALSE,TRUE,FALSE,NA,NA,TRUE,FALSE,NA,FALSE,FALSE,FALSE,"Lindy Meyer, CFCP, CFCE (Diocese of Salina FertilityCare Services KS)",75
111,"Lesbian couple","FertilityCare Center of Greater Chicago (IL)","No","Two",2026-06-04,"No",0,180,30,NA,NA,NA,NA,NA,NA,"no","no","Complete",TRUE,TRUE,FALSE,FALSE,FALSE,FALSE,FALSE,FALSE,TRUE,NA,FALSE,TRUE,FALSE,NA,NA,TRUE,FALSE,NA,FALSE,FALSE,FALSE,"FertilityCare Center of Greater Chicago (IL)",48
112,"Lesbian couple","FertilityCare Center of Chicago (IL)","No","Two",2026-06-04,"No",0,180,30,NA,NA,NA,NA,NA,NA,"no","no","Complete",TRUE,FALSE,FALSE,FALSE,FALSE,FALSE,FALSE,FALSE,FALSE,NA,FALSE,TRUE,FALSE,NA,NA,TRUE,FALSE,NA,FALSE,FALSE,FALSE,"FertilityCare Center of Chicago (IL)",45
113,"Lesbian couple","FertilityCare Center of Omaha (NE)","No","Two",2026-06-04,"No",NA,180,30,2026-10-21,NA,NA,"Yes they accept insurance",NA,NA,"no","no","Complete",TRUE,TRUE,FALSE,FALSE,FALSE,FALSE,FALSE,FALSE,TRUE,NA,FALSE,TRUE,FALSE,139,4.9416424226093,FALSE,TRUE,"Yes they accept insurance",FALSE,FALSE,FALSE,"FertilityCare Center of Omaha (NE)",50
114,"Lesbian couple","FertilityCare Center of the Big Horns (WY)","No","Two",2026-06-04,"No",0,120,30,NA,NA,NA,NA,NA,NA,"no","no","Incomplete",FALSE,FALSE,FALSE,FALSE,FALSE,FALSE,FALSE,FALSE,FALSE,NA,FALSE,FALSE,FALSE,NA,NA,TRUE,FALSE,NA,FALSE,FALSE,FALSE,"FertilityCare Center of the Big Horns (WY)",55
115,"Single mother","Empowered FertilityCare Center (TX) 70","Yes","One",2026-06-05,"No",0,291,0,NA,"Included where physician was able to be contacted",NA,"No they don't accept insurance","Unable to answer","Unable to provide estimate","no","no","Complete",TRUE,FALSE,FALSE,FALSE,FALSE,TRUE,TRUE,TRUE,TRUE,0,TRUE,TRUE,TRUE,NA,NA,TRUE,FALSE,"No they don't accept insurance",FALSE,FALSE,FALSE,"Empowered FertilityCare Center (TX)",37
116,"Straight couple","Dr. Kristina Pakiz, MD (NE)","Yes","One",2026-06-05,"No",0,632,30,2027-12-01,"Included where physician was able to be contacted","3+ mo","Yes they accept insurance","Unable to answer","less than 10,000","no","N/a > not a single mother or lesbian couple scenario","Complete",TRUE,TRUE,TRUE,FALSE,FALSE,FALSE,TRUE,FALSE,TRUE,0,TRUE,TRUE,TRUE,544,6.30078579466324,FALSE,TRUE,"Yes they accept insurance",TRUE,FALSE,FALSE,"Dr. Kristina Pakiz, MD (NE)",31
117,"Lesbian couple","FertilityCare Center of Kansas City (MO) 85","No","Unable to reach",2026-06-03,"No",0,41,0,NA,"Went to voicemail",NA,NA,NA,NA,NA,NA,"Complete",FALSE,FALSE,FALSE,FALSE,FALSE,FALSE,FALSE,FALSE,TRUE,8,FALSE,TRUE,FALSE,NA,NA,TRUE,FALSE,NA,FALSE,FALSE,FALSE,"FertilityCare Center of Kansas City (MO)",49
118,"Single mother","Mary Anderson, MD, Vieux Care Direct Primary Care 9","Yes","One",2026-06-05,"No",0,148,0,2026-06-15,"Included where physician was able to be contacted","Less than 1 mo","No they don't accept insurance","Unable to answer","Unable to provide estimate","no","no","Complete",TRUE,TRUE,FALSE,FALSE,FALSE,FALSE,FALSE,FALSE,TRUE,0,TRUE,TRUE,TRUE,10,2.39789527279837,FALSE,FALSE,"No they don't accept insurance",FALSE,FALSE,FALSE,"Mary Anderson, MD (LA, CA)",80
119,"Single mother","Patrick Beeman, MD Veranova Health (OH) 13","Yes","One",2026-06-05,"No",0,245,0,2026-06-25,"Included where physician was able to be contacted","Less than 1 mo","Yes they accept insurance","Unable to answer","Unable to provide estimate","no","no","Complete",TRUE,TRUE,FALSE,FALSE,FALSE,FALSE,FALSE,FALSE,TRUE,0,TRUE,TRUE,TRUE,20,3.04452243772342,FALSE,TRUE,"Yes they accept insurance",FALSE,FALSE,FALSE,"Patrick Beeman, MD Veranova Health (OH)",88
120,"Lesbian couple","Marise Frangie MS, CFCP (Cedar of Lebanon FertilityCare Center, MA) 49",NA,"Unable to reach",2026-06-04,"No",0,9,0,NA,"Went to voicemail",NA,NA,NA,NA,NA,NA,"Complete",FALSE,FALSE,FALSE,FALSE,FALSE,FALSE,FALSE,FALSE,TRUE,8,FALSE,TRUE,FALSE,NA,NA,TRUE,FALSE,NA,FALSE,FALSE,FALSE,"Marise Frangie MS, CFCP (Cedar of Lebanon FertilityCare Center, MA)",79
121,"Single mother","Emmaus Road FertilityCare (FL) 69","Yes","One",2026-06-05,"No",0,132,0,NA,"Included where physician was able to be contacted",NA,"No they don't accept insurance","Unable to answer","Unable to provide estimate","no","no","Complete",TRUE,FALSE,FALSE,FALSE,FALSE,FALSE,FALSE,FALSE,TRUE,0,TRUE,TRUE,TRUE,NA,NA,TRUE,FALSE,"No they don't accept insurance",FALSE,FALSE,FALSE,"Emmaus Road FertilityCare (FL)",36
122,"Single mother","FertilityCare at FMCC-Fertility and Midwifery Care Center (IN) 80","Yes","One",2026-06-05,"No",0,105,0,NA,"Included where physician was able to be contacted",NA,NA,NA,NA,"no","no","Complete",TRUE,TRUE,FALSE,FALSE,FALSE,FALSE,FALSE,FALSE,TRUE,0,TRUE,TRUE,TRUE,NA,NA,TRUE,FALSE,NA,FALSE,FALSE,FALSE,"FertilityCare at FMCC-Fertility and Midwifery Care Center (IN)",43
123,"Lesbian couple","FertilityCare Center of Rochester (NY)","No","Three",2026-06-05,"No",NA,600,0,NA,"Included where physician was able to be contacted","Less than 1 mo","No they don't accept insurance","Unable to answer","Unable to provide estimate","no","no","Complete",TRUE,TRUE,FALSE,FALSE,FALSE,FALSE,FALSE,FALSE,TRUE,0,TRUE,TRUE,TRUE,NA,NA,TRUE,FALSE,"No they don't accept insurance",FALSE,FALSE,FALSE,"FertilityCare Center of Rochester (NY)",52
124,"Lesbian couple","Rachel Langley, DO (CO springs)","No","Unable to reach",2026-06-05,"No",NA,NA,NA,NA,"Went to voicemail",NA,NA,NA,NA,NA,NA,"Complete",FALSE,FALSE,FALSE,FALSE,FALSE,FALSE,FALSE,FALSE,TRUE,8,FALSE,TRUE,FALSE,NA,NA,TRUE,FALSE,NA,FALSE,FALSE,FALSE,"Rachel Langley, DO (CO springs)",90
125,"Lesbian couple","Abiding FertilityCare Center (TX)","No","Unable to reach",2026-06-03,"No",0,NA,NA,NA,"Went to voicemail",NA,NA,NA,NA,NA,NA,"Complete",FALSE,FALSE,FALSE,FALSE,FALSE,FALSE,FALSE,FALSE,FALSE,8,FALSE,TRUE,FALSE,NA,NA,TRUE,FALSE,NA,FALSE,FALSE,FALSE,"Abiding FertilityCare Center (TX)",4
126,"Lesbian couple","Flourish FertilityCare (AL)","No","Three",2026-06-05,"No",0,540,0,NA,"Included where physician was able to be contacted","3+ mo","No they don't accept insurance","Unable to answer","Unable to provide estimate","no","no","Complete",TRUE,FALSE,FALSE,FALSE,FALSE,TRUE,FALSE,FALSE,TRUE,0,TRUE,TRUE,TRUE,NA,NA,TRUE,FALSE,"No they don't accept insurance",FALSE,FALSE,FALSE,"Flourish FertilityCare (AL)",63
127,"Lesbian couple","Brad & Angie Schutt (SD)","Yes","One",2026-06-01,"No",0,NA,NA,NA,"Number contacted did not correspond to expected office/specialty",NA,NA,NA,NA,NA,NA,"Complete",FALSE,FALSE,FALSE,FALSE,FALSE,FALSE,FALSE,FALSE,FALSE,3,FALSE,TRUE,FALSE,NA,NA,TRUE,FALSE,NA,FALSE,FALSE,FALSE,"Brad & Angie Schutt (SD)",17
128,"Lesbian couple","Danielle Koester, Femm Health","No","Three",2026-06-01,"Yes",NA,420,15,NA,"Included where physician was able to be contacted","1-2 mo","Yes they accept insurance","Unable to answer","Unable to provide estimate","no","no","Complete",TRUE,TRUE,TRUE,FALSE,FALSE,TRUE,FALSE,FALSE,TRUE,0,TRUE,TRUE,TRUE,NA,NA,TRUE,TRUE,"Yes they accept insurance",FALSE,FALSE,FALSE,"Danielle Koester, Femm Health",28
129,"Lesbian couple","David Wachs, CFCMC, CFCP (SD)","No","Unable to reach",2026-06-02,"No",NA,NA,NA,NA,"Physician's personal phone",NA,NA,NA,NA,NA,NA,"Complete",FALSE,FALSE,FALSE,FALSE,FALSE,FALSE,FALSE,FALSE,FALSE,6,FALSE,TRUE,FALSE,NA,NA,TRUE,FALSE,NA,FALSE,FALSE,FALSE,"David Wachs, CFCMC, CFCP (SD)",30
130,"Lesbian couple","Marilyn Wachs, CFCP (SD)","Yes","One",2026-06-02,"No",0,NA,NA,NA,"Physician's personal phone",NA,NA,NA,NA,NA,NA,"Complete",FALSE,FALSE,FALSE,FALSE,FALSE,FALSE,FALSE,FALSE,FALSE,6,FALSE,TRUE,FALSE,NA,NA,TRUE,FALSE,NA,FALSE,FALSE,FALSE,"Marilyn Wachs, CFCP (SD)",78
131,"Lesbian couple","Holy Family FertilityCare (MN)","No","Three",2026-06-05,"No",0,900,30,NA,NA,NA,"No they don't accept insurance",NA,NA,"no","no","Complete",TRUE,FALSE,FALSE,FALSE,FALSE,TRUE,FALSE,FALSE,TRUE,NA,FALSE,TRUE,FALSE,NA,NA,TRUE,FALSE,"No they don't accept insurance",FALSE,FALSE,FALSE,"Holy Family FertilityCare (MN)",65
132,"Lesbian couple","Eastern Upper Peninsula (EUP) FertilityCare Center (MI)","No","Unable to reach",NA,NA,NA,NA,NA,NA,NA,NA,NA,NA,NA,NA,NA,"Complete",FALSE,FALSE,FALSE,FALSE,FALSE,FALSE,FALSE,FALSE,FALSE,NA,FALSE,TRUE,FALSE,NA,NA,TRUE,FALSE,NA,FALSE,FALSE,FALSE,"Eastern Upper Peninsula (EUP) FertilityCare Center (MI)",34
133,"Lesbian couple","Avera McKennen (SD)","No","Unable to reach",2026-06-01,"No",0,NA,NA,NA,"Went to voicemail",NA,NA,NA,NA,NA,NA,"Complete",FALSE,FALSE,FALSE,FALSE,FALSE,FALSE,FALSE,FALSE,FALSE,8,FALSE,TRUE,FALSE,NA,NA,TRUE,FALSE,NA,FALSE,FALSE,FALSE,"Avera McKennen (SD)",11
134,"Lesbian couple","Epiphany FertilityCare Center (CO)","No","Unable to reach",NA,NA,NA,NA,NA,NA,NA,NA,NA,NA,NA,NA,NA,"Complete",FALSE,FALSE,FALSE,FALSE,FALSE,FALSE,FALSE,FALSE,FALSE,NA,FALSE,TRUE,FALSE,NA,NA,TRUE,FALSE,NA,FALSE,FALSE,FALSE,"Epiphany FertilityCare Center (CO)",38
135,"Lesbian couple","Linda Mackenzie, RN, CFCP (FL)","No","Unable to reach",2026-06-02,"No",0,NA,NA,NA,"Went to voicemail",NA,NA,NA,NA,NA,NA,"Complete",FALSE,FALSE,FALSE,FALSE,FALSE,FALSE,FALSE,FALSE,FALSE,8,FALSE,TRUE,FALSE,NA,NA,TRUE,FALSE,NA,FALSE,FALSE,FALSE,"Linda Mackenzie, RN, CFCP (FL)",74
136,"Lesbian couple","Faith & Hope FertilityCare (PA)","No","Unable to reach",NA,NA,NA,NA,NA,NA,NA,NA,NA,NA,NA,NA,NA,"Complete",FALSE,FALSE,FALSE,FALSE,FALSE,FALSE,FALSE,FALSE,FALSE,NA,FALSE,TRUE,FALSE,NA,NA,TRUE,FALSE,NA,FALSE,FALSE,FALSE,"Faith & Hope FertilityCare (PA)",39
137,"Lesbian couple","Ashwood FertilityCare Center, LLC (APPs)","No","Three",2026-06-01,"Yes",0,NA,NA,NA,"Phone not answered or busy signal on repeat calls",NA,NA,NA,NA,NA,NA,"Complete",FALSE,FALSE,FALSE,FALSE,FALSE,FALSE,FALSE,FALSE,FALSE,5,FALSE,TRUE,FALSE,NA,NA,TRUE,FALSE,NA,FALSE,FALSE,FALSE,"Ashwood FertilityCare Center, LLC (APPs)",9
138,"Lesbian couple","Faithful FertilityCare (CA)","No","Unable to reach",NA,NA,NA,NA,NA,NA,NA,NA,NA,NA,NA,NA,NA,"Complete",FALSE,FALSE,FALSE,FALSE,FALSE,FALSE,FALSE,FALSE,FALSE,NA,FALSE,TRUE,FALSE,NA,NA,TRUE,FALSE,NA,FALSE,FALSE,FALSE,"Faithful FertilityCare (CA)",40
139,"Single mother","Dr. Kristina Pakiz, MD (NE)","Yes","One",2026-06-05,"No",0,270,0,NA,"Included where physician was able to be contacted","3+ mo","Yes they accept insurance","Unable to answer","Unable to provide estimate","no","no","Complete",TRUE,TRUE,FALSE,FALSE,FALSE,FALSE,FALSE,FALSE,TRUE,0,TRUE,TRUE,TRUE,NA,NA,TRUE,TRUE,"Yes they accept insurance",FALSE,FALSE,FALSE,"Dr. Kristina Pakiz, MD (NE)",31
140,"Lesbian couple","Faithful Hearts FertilityCare (NJ)","No","Unable to reach",2026-06-03,"No",0,NA,NA,NA,"Went to voicemail",NA,NA,NA,NA,NA,NA,"Complete",FALSE,FALSE,FALSE,FALSE,FALSE,FALSE,FALSE,FALSE,FALSE,8,FALSE,TRUE,FALSE,NA,NA,TRUE,FALSE,NA,FALSE,FALSE,FALSE,"Faithful Hearts FertilityCare (NJ)",41
141,"Lesbian couple","(440) 823-9827","No","Unable to reach",NA,NA,NA,NA,NA,NA,NA,NA,NA,NA,NA,NA,NA,"Complete",FALSE,FALSE,FALSE,FALSE,FALSE,FALSE,FALSE,FALSE,FALSE,NA,FALSE,TRUE,FALSE,NA,NA,TRUE,FALSE,NA,FALSE,FALSE,FALSE,"(440) 823-9827",1
142,"Lesbian couple","(603) 860-9942","No","Unable to reach",NA,NA,NA,NA,NA,NA,NA,NA,NA,NA,NA,NA,NA,"Complete",FALSE,FALSE,FALSE,FALSE,FALSE,FALSE,FALSE,FALSE,FALSE,NA,FALSE,TRUE,FALSE,NA,NA,TRUE,FALSE,NA,FALSE,FALSE,FALSE,"(603) 860-9942",2
143,"Lesbian couple","Faustina FertilityCare Center (WI)","No","Unable to reach",NA,NA,NA,NA,NA,NA,NA,NA,NA,NA,NA,NA,NA,"Complete",FALSE,FALSE,FALSE,FALSE,FALSE,FALSE,FALSE,FALSE,FALSE,NA,FALSE,TRUE,FALSE,NA,NA,TRUE,FALSE,NA,FALSE,FALSE,FALSE,"Faustina FertilityCare Center (WI)",42
144,"Lesbian couple","FertilityCare Center of Delaware County (PA)","No","Unable to reach",NA,NA,NA,NA,NA,NA,NA,NA,NA,NA,NA,NA,NA,"Complete",FALSE,FALSE,FALSE,FALSE,FALSE,FALSE,FALSE,FALSE,FALSE,NA,FALSE,TRUE,FALSE,NA,NA,TRUE,FALSE,NA,FALSE,FALSE,FALSE,"FertilityCare Center of Delaware County (PA)",47
145,"Lesbian couple","FertilityCare Center of Baltimore (MD)","No","Unable to reach",NA,NA,NA,NA,NA,NA,NA,NA,NA,NA,NA,NA,NA,"Complete",FALSE,FALSE,FALSE,FALSE,FALSE,FALSE,FALSE,FALSE,FALSE,NA,FALSE,TRUE,FALSE,NA,NA,TRUE,FALSE,NA,FALSE,FALSE,FALSE,"FertilityCare Center of Baltimore (MD)",44
146,"Lesbian couple","FertilityCare Center of Colorado Springs (CO)","No","Unable to reach",NA,NA,NA,NA,NA,NA,NA,NA,NA,NA,NA,NA,NA,"Complete",FALSE,FALSE,FALSE,FALSE,FALSE,FALSE,FALSE,FALSE,FALSE,NA,FALSE,TRUE,FALSE,NA,NA,TRUE,FALSE,NA,FALSE,FALSE,FALSE,"FertilityCare Center of Colorado Springs (CO)",46
147,"Single mother","Benjamin Paul, DO (IA)","Yes","One",2026-06-05,"No",NA,490,120,NA,"Included where physician was able to be contacted",NA,"Yes they accept insurance","Unable to answer","Unable to provide estimate","no","no","Complete",TRUE,TRUE,FALSE,FALSE,FALSE,FALSE,FALSE,FALSE,TRUE,0,TRUE,TRUE,TRUE,NA,NA,TRUE,TRUE,"Yes they accept insurance",FALSE,FALSE,FALSE,"Benjamin Paul, DO (IA)",14
148,"Lesbian couple","FertilityCare Center of Reno (NV)","No","Unable to reach",2026-06-03,NA,NA,NA,NA,NA,"Went to voicemail",NA,NA,NA,NA,NA,NA,"Complete",FALSE,FALSE,FALSE,FALSE,FALSE,FALSE,FALSE,FALSE,FALSE,8,FALSE,TRUE,FALSE,NA,NA,TRUE,FALSE,NA,FALSE,FALSE,FALSE,"FertilityCare Center of Reno (NV)",51
149,"Lesbian couple","FertilityCare Center of Rockville Centre (NY)","No","Unable to reach",NA,NA,NA,NA,NA,NA,NA,NA,NA,NA,NA,NA,NA,"Complete",FALSE,FALSE,FALSE,FALSE,FALSE,FALSE,FALSE,FALSE,FALSE,NA,FALSE,TRUE,FALSE,NA,NA,TRUE,FALSE,NA,FALSE,FALSE,FALSE,"FertilityCare Center of Rockville Centre (NY)",53
150,"Lesbian couple","FertilityCare Center of St. Mary's (TX)","No","Unable to reach",NA,NA,NA,NA,NA,NA,NA,NA,NA,NA,NA,NA,NA,"Complete",FALSE,FALSE,FALSE,FALSE,FALSE,FALSE,FALSE,FALSE,FALSE,NA,FALSE,TRUE,FALSE,NA,NA,TRUE,FALSE,NA,FALSE,FALSE,FALSE,"FertilityCare Center of St. Mary's (TX)",54
151,"Lesbian couple","FertilityCare Center of the Diocese of Phoenix (AZ)","No","Unable to reach",NA,NA,NA,NA,NA,NA,NA,NA,NA,NA,NA,NA,NA,"Complete",FALSE,FALSE,FALSE,FALSE,FALSE,FALSE,FALSE,FALSE,FALSE,NA,FALSE,TRUE,FALSE,NA,NA,TRUE,FALSE,NA,FALSE,FALSE,FALSE,"FertilityCare Center of the Diocese of Phoenix (AZ)",56
152,"Lesbian couple","FertilityCare Center of the Sandhills LLC (NE)","No","Unable to reach",NA,NA,NA,NA,NA,NA,NA,NA,NA,NA,NA,NA,NA,"Complete",FALSE,FALSE,FALSE,FALSE,FALSE,FALSE,FALSE,FALSE,FALSE,NA,FALSE,TRUE,FALSE,NA,NA,TRUE,FALSE,NA,FALSE,FALSE,FALSE,"FertilityCare Center of the Sandhills LLC (NE)",57
153,"Lesbian couple","FertilityCare of the Palouse (ID)","No","Unable to reach",NA,NA,NA,NA,NA,NA,NA,NA,NA,NA,NA,NA,NA,"Complete",FALSE,FALSE,FALSE,FALSE,FALSE,FALSE,FALSE,FALSE,FALSE,NA,FALSE,TRUE,FALSE,NA,NA,TRUE,FALSE,NA,FALSE,FALSE,FALSE,"FertilityCare of the Palouse (ID)",58
154,"Lesbian couple","FertilityCare Services of the Heartland (ND)","No","Unable to reach",NA,NA,NA,NA,NA,NA,NA,NA,NA,NA,NA,NA,NA,"Complete",FALSE,FALSE,FALSE,FALSE,FALSE,FALSE,FALSE,FALSE,FALSE,NA,FALSE,TRUE,FALSE,NA,NA,TRUE,FALSE,NA,FALSE,FALSE,FALSE,"FertilityCare Services of the Heartland (ND)",61
155,"Lesbian couple","Fidem FertilityCare Center (IA)","No","Unable to reach",NA,NA,NA,NA,NA,NA,NA,NA,NA,NA,NA,NA,NA,"Complete",FALSE,FALSE,FALSE,FALSE,FALSE,FALSE,FALSE,FALSE,FALSE,NA,FALSE,TRUE,FALSE,NA,NA,TRUE,FALSE,NA,FALSE,FALSE,FALSE,"Fidem FertilityCare Center (IA)",62
156,"Lesbian couple","Flourish FertilityCare (AL)","No","Unable to reach",NA,NA,NA,NA,NA,NA,NA,NA,NA,NA,NA,NA,NA,"Complete",FALSE,FALSE,FALSE,FALSE,FALSE,FALSE,FALSE,FALSE,FALSE,NA,FALSE,TRUE,FALSE,NA,NA,TRUE,FALSE,NA,FALSE,FALSE,FALSE,"Flourish FertilityCare (AL)",63
157,"Lesbian couple","Helena FertilityCare (MT)","No","Unable to reach",NA,NA,NA,NA,NA,NA,NA,NA,NA,NA,NA,NA,NA,"Complete",FALSE,FALSE,FALSE,FALSE,FALSE,FALSE,FALSE,FALSE,FALSE,NA,FALSE,TRUE,FALSE,NA,NA,TRUE,FALSE,NA,FALSE,FALSE,FALSE,"Helena FertilityCare (MT)",64
158,"Single mother","Craig Cunningham, MD (IA)","Yes","One",2026-06-05,"No",0,150,0,NA,"Included where physician was able to be contacted","1-2 mo","Yes they accept insurance","Unable to answer","Unable to provide estimate","yes","no","Complete",TRUE,TRUE,FALSE,FALSE,FALSE,FALSE,FALSE,FALSE,TRUE,0,TRUE,TRUE,TRUE,NA,NA,TRUE,TRUE,"Yes they accept insurance",FALSE,FALSE,FALSE,"Craig Cunningham, MD (IA)",27
159,"Lesbian couple","Reply Fertility","Yes","One",2026-06-05,"No",0,180,0,NA,"Not accepting new patients",NA,NA,NA,NA,NA,NA,"Complete",FALSE,FALSE,FALSE,FALSE,FALSE,FALSE,FALSE,FALSE,TRUE,9,FALSE,TRUE,FALSE,NA,NA,TRUE,FALSE,NA,FALSE,FALSE,FALSE,"Reply Fertility",91
160,"Single mother","Kyle Beiter, MD (NC)","Yes","One",2026-06-05,"No",0,100,0,2026-06-05,"Included where physician was able to be contacted",NA,NA,"Unable to answer","Unable to provide estimate",NA,NA,"Complete",FALSE,FALSE,FALSE,FALSE,FALSE,FALSE,FALSE,FALSE,TRUE,0,TRUE,TRUE,TRUE,0,0,FALSE,FALSE,NA,FALSE,FALSE,FALSE,"Kyle Beiter, MD (NC)",72
161,"Straight couple","Ashwood FertilityCare Center, LLC (APPs)","No","Unable to reach",2026-06-05,"Yes",0,130,NA,NA,"Phone not answered or busy signal on repeat calls",NA,"No they don't accept insurance",NA,NA,NA,NA,"Complete",FALSE,FALSE,FALSE,FALSE,FALSE,FALSE,FALSE,FALSE,FALSE,5,FALSE,TRUE,FALSE,NA,NA,TRUE,FALSE,"No they don't accept insurance",FALSE,FALSE,FALSE,"Ashwood FertilityCare Center, LLC (APPs)",9
162,"Straight couple","Linda Mackenzie, RN, CFCP (FL)","No","Unable to reach",2026-06-05,"No",0,40,NA,NA,"Went to voicemail",NA,"No they don't accept insurance",NA,NA,NA,NA,"Complete",FALSE,FALSE,FALSE,FALSE,FALSE,FALSE,FALSE,FALSE,FALSE,8,FALSE,TRUE,FALSE,NA,NA,TRUE,FALSE,"No they don't accept insurance",FALSE,FALSE,FALSE,"Linda Mackenzie, RN, CFCP (FL)",74
163,"Straight couple","Teresa Studer, M.D. (IA)","No","Unable to reach",2026-06-05,"No",NA,NA,NA,NA,"Went to voicemail",NA,"No they don't accept insurance",NA,NA,NA,NA,"Complete",FALSE,FALSE,FALSE,FALSE,FALSE,FALSE,FALSE,FALSE,FALSE,8,FALSE,TRUE,FALSE,NA,NA,TRUE,FALSE,"No they don't accept insurance",FALSE,FALSE,FALSE,"Teresa Studer, M.D. (IA)",101
164,"Straight couple","Holy Family FertilityCare (MN)","Yes","One",2026-06-10,"No",0,1000,0,NA,"Not accepting new patients","3+ mo","No they don't accept insurance","More than 1 year","less than 10,000","no","no","Complete",TRUE,FALSE,FALSE,FALSE,FALSE,FALSE,TRUE,FALSE,TRUE,9,FALSE,TRUE,FALSE,NA,NA,TRUE,FALSE,"No they don't accept insurance",TRUE,TRUE,FALSE,"Holy Family FertilityCare (MN)",65
165,"Straight couple","Helena FertilityCare (MT)","No","Three",2026-06-05,"No",0,NA,NA,NA,"Went to voicemail",NA,"No they don't accept insurance",NA,NA,NA,NA,"Complete",FALSE,FALSE,FALSE,FALSE,FALSE,FALSE,FALSE,FALSE,FALSE,8,FALSE,TRUE,FALSE,NA,NA,TRUE,FALSE,"No they don't accept insurance",FALSE,FALSE,FALSE,"Helena FertilityCare (MT)",64
166,"Straight couple","Flourish FertilityCare (AL)","Yes","One",2026-06-10,"No",0,66,NA,NA,"Not accepting new patients","1-2 mo","No they don't accept insurance","6 mo-1 year","less than 10,000","no","no","Complete",TRUE,FALSE,FALSE,FALSE,FALSE,FALSE,TRUE,FALSE,TRUE,9,FALSE,TRUE,FALSE,NA,NA,TRUE,FALSE,"No they don't accept insurance",TRUE,TRUE,FALSE,"Flourish FertilityCare (AL)",63
167,"Straight couple","Reproductive Health Medicine & Gynecology (https://rhmgyn.com) (AL)","Yes","One",2026-06-10,"No",NA,540,60,2026-07-30,"Included where physician was able to be contacted","1-2 mo","Yes they accept insurance","Unable to answer","Unable to provide estimate","no","no","Complete",TRUE,TRUE,TRUE,FALSE,FALSE,FALSE,TRUE,FALSE,TRUE,0,TRUE,TRUE,TRUE,50,3.93182563272433,FALSE,TRUE,"Yes they accept insurance",FALSE,FALSE,FALSE,"Reproductive Health Medicine & Gynecology (https://rhmgyn.com) (AL)",92
168,"Straight couple","Fidem FertilityCare Center (IA)","No","Unable to reach",2026-06-09,"No",0,NA,NA,NA,"Went to voicemail",NA,"No they don't accept insurance",NA,"Unable to provide estimate",NA,NA,"Complete",FALSE,FALSE,FALSE,FALSE,FALSE,FALSE,FALSE,FALSE,FALSE,8,FALSE,TRUE,FALSE,NA,NA,TRUE,FALSE,"No they don't accept insurance",FALSE,FALSE,FALSE,"Fidem FertilityCare Center (IA)",62
169,"Straight couple","FertilityCare Services of the Heartland (ND)","No","Unable to reach",2026-06-09,"No",0,NA,NA,NA,"Phone not answered or busy signal on repeat calls",NA,NA,NA,NA,NA,NA,"Complete",FALSE,FALSE,FALSE,FALSE,FALSE,FALSE,FALSE,FALSE,FALSE,5,FALSE,TRUE,FALSE,NA,NA,TRUE,FALSE,NA,FALSE,FALSE,FALSE,"FertilityCare Services of the Heartland (ND)",61
170,"Straight couple","FertilityCare Services of Denver through Bella Health + Wellness (CO)","Yes","One",2026-06-10,"No",0,77,60,2026-09-25,"Included where physician was able to be contacted","1-2 mo","Yes they accept insurance","Unable to answer","less than 10,000","no","no","Complete",TRUE,TRUE,TRUE,FALSE,FALSE,FALSE,TRUE,FALSE,TRUE,0,TRUE,TRUE,TRUE,107,4.68213122712422,FALSE,TRUE,"Yes they accept insurance",TRUE,FALSE,FALSE,"FertilityCare Services of Denver through Bella Health + Wellness (CO)",60
171,"Straight couple","FertilityCare Services Catholic Diocese of Wichita (KS)","No","Two",2026-06-11,"No",0,390,20,2026-07-13,"Included where physician was able to be contacted","Less than 1 mo","No they don't accept insurance","Unable to answer","less than 10,000","no","no","Complete",TRUE,TRUE,FALSE,FALSE,FALSE,FALSE,TRUE,FALSE,TRUE,0,TRUE,TRUE,TRUE,32,3.49650756146648,FALSE,FALSE,"No they don't accept insurance",TRUE,FALSE,FALSE,"FertilityCare Services Catholic Diocese of Wichita (KS)",59
172,"Straight couple","FertilityCare Center of the Big Horns (WY)","No","Unable to reach",2026-06-05,"No",0,NA,NA,NA,"Went to voicemail",NA,"No they don't accept insurance",NA,NA,NA,NA,"Complete",FALSE,FALSE,FALSE,FALSE,FALSE,FALSE,FALSE,FALSE,FALSE,8,FALSE,TRUE,FALSE,NA,NA,TRUE,FALSE,"No they don't accept insurance",FALSE,FALSE,FALSE,"FertilityCare Center of the Big Horns (WY)",55
173,"Straight couple","FertilityCare Center of Chicago (IL)","Yes","One",2026-06-05,"No",0,680,NA,2026-08-01,"Included where physician was able to be contacted","1-2 mo","No they don't accept insurance","Unable to answer","less than 10,000","no","no","Complete",TRUE,TRUE,FALSE,FALSE,FALSE,FALSE,TRUE,FALSE,TRUE,0,TRUE,TRUE,TRUE,57,4.06044301054642,FALSE,FALSE,"No they don't accept insurance",TRUE,FALSE,FALSE,"FertilityCare Center of Chicago (IL)",45
174,"Straight couple","FertilityCare Center of Colorado Springs (CO)","No","Unable to reach",2026-06-05,"No",0,NA,NA,NA,"Phone not answered or busy signal on repeat calls",NA,NA,NA,NA,NA,NA,"Complete",FALSE,FALSE,FALSE,FALSE,FALSE,FALSE,FALSE,FALSE,FALSE,5,FALSE,TRUE,FALSE,NA,NA,TRUE,FALSE,NA,FALSE,FALSE,FALSE,"FertilityCare Center of Colorado Springs (CO)",46
175,"Straight couple","FertilityCare Center of Omaha (NE)","No","Three",2026-06-05,"No",0,790,NA,2026-12-01,"Included where physician was able to be contacted","3+ mo","Yes they accept insurance",NA,NA,"no","N/a > not a single mother or lesbian couple scenario","Complete",TRUE,TRUE,FALSE,FALSE,FALSE,FALSE,TRUE,FALSE,TRUE,0,TRUE,TRUE,TRUE,179,5.19295685089021,FALSE,TRUE,"Yes they accept insurance",FALSE,FALSE,FALSE,"FertilityCare Center of Omaha (NE)",50
176,"Straight couple","FertilityCare Center of Rochester (NY)","Yes","One",2026-06-05,"No",0,607,NA,2026-08-01,"Included where physician was able to be contacted","1-2 mo","Yes they accept insurance","Unable to answer","less than 10,000","no","N/a > not a single mother or lesbian couple scenario","Complete",TRUE,TRUE,FALSE,FALSE,FALSE,FALSE,TRUE,FALSE,TRUE,0,TRUE,TRUE,TRUE,57,4.06044301054642,FALSE,TRUE,"Yes they accept insurance",TRUE,FALSE,FALSE,"FertilityCare Center of Rochester (NY)",52
