"practice_id","Straight_couple","Lesbian_couple","Single_mother"
1,NA,FALSE,NA
2,FALSE,NA,FALSE
3,FALSE,FALSE,FALSE
4,FALSE,NA,NA
5,TRUE,FALSE,NA
6,FALSE,FALSE,FALSE
7,FALSE,NA,NA
8,FALSE,FALSE,FALSE
9,FALSE,FALSE,FALSE
10,NA,FALSE,FALSE
11,TRUE,FALSE,FALSE
12,FALSE,FALSE,FALSE
13,TRUE,TRUE,TRUE
14,NA,FALSE,FALSE
15,FALSE,FALSE,FALSE
16,NA,FALSE,NA
17,FALSE,TRUE,FALSE
18,FALSE,NA,NA
19,FALSE,NA,FALSE
20,FALSE,NA,NA
21,TRUE,FALSE,FALSE
22,TRUE,NA,FALSE
23,FALSE,NA,NA
24,FALSE,FALSE,FALSE
25,FALSE,FALSE,FALSE
26,TRUE,FALSE,TRUE
27,NA,TRUE,NA
28,TRUE,NA,NA
29,NA,FALSE,NA
30,TRUE,TRUE,TRUE
31,FALSE,NA,NA
32,FALSE,NA,FALSE
33,NA,FALSE,FALSE
34,FALSE,TRUE,TRUE
35,NA,TRUE,TRUE
36,NA,TRUE,TRUE
37,NA,FALSE,FALSE
38,NA,FALSE,FALSE
39,NA,FALSE,NA
40,NA,FALSE,FALSE
41,TRUE,NA,FALSE
42,FALSE,NA,FALSE
43,NA,FALSE,FALSE
44,NA,NA,TRUE
45,NA,TRUE,TRUE
46,NA,FALSE,FALSE
47,TRUE,TRUE,FALSE
48,FALSE,FALSE,FALSE
49,NA,FALSE,FALSE
50,NA,TRUE,TRUE
51,NA,FALSE,FALSE
52,TRUE,TRUE,FALSE
53,NA,FALSE,FALSE
54,TRUE,TRUE,TRUE
55,NA,FALSE,TRUE
56,NA,FALSE,NA
57,FALSE,TRUE,FALSE
58,TRUE,FALSE,NA
59,NA,FALSE,NA
60,NA,FALSE,FALSE
61,TRUE,TRUE,FALSE
62,TRUE,TRUE,TRUE
63,FALSE,FALSE,FALSE
64,FALSE,FALSE,TRUE
65,TRUE,TRUE,FALSE
66,FALSE,FALSE,TRUE
67,TRUE,TRUE,FALSE
68,FALSE,TRUE,TRUE
69,TRUE,TRUE,TRUE
70,TRUE,NA,NA
71,FALSE,NA,NA
72,FALSE,NA,NA
73,TRUE,FALSE,TRUE
74,TRUE,TRUE,TRUE
75,NA,FALSE,NA
76,FALSE,FALSE,FALSE
77,FALSE,FALSE,FALSE
78,TRUE,TRUE,TRUE
79,NA,TRUE,NA
80,NA,FALSE,NA
81,FALSE,FALSE,TRUE
82,TRUE,TRUE,TRUE
83,TRUE,NA,NA
84,FALSE,NA,NA
85,FALSE,TRUE,TRUE
86,TRUE,TRUE,TRUE
87,TRUE,TRUE,TRUE
88,FALSE,NA,NA
89,TRUE,TRUE,TRUE
90,TRUE,TRUE,TRUE
91,TRUE,TRUE,TRUE
92,NA,FALSE,NA
93,NA,TRUE,NA
94,NA,NA,TRUE
95,TRUE,NA,NA
96,TRUE,FALSE,FALSE
97,FALSE,NA,NA
98,TRUE,TRUE,FALSE
99,TRUE,TRUE,TRUE
100,TRUE,TRUE,TRUE
101,TRUE,NA,NA
102,FALSE,TRUE,FALSE
103,NA,TRUE,NA
104,TRUE,NA,NA
105,TRUE,TRUE,TRUE
