"variable","level","Overall","Straight couple (N=33)","Lesbian couple (N=33)","Single mother (N=29)","p_value"
"contact_first_call","No","29 (30.5%)","16 (48.5%)","11 (33.3%)","2 (6.9%)","0.002"
"contact_first_call","Yes","66 (69.5%)","17 (51.5%)","22 (66.7%)","27 (93.1%)",NA
"attempts","One","71 (74.7%)","23 (69.7%)","21 (63.6%)","27 (93.1%)","0.023"
"attempts","Three","7 (7.4%)","1 (3.0%)","5 (15.2%)","1 (3.4%)",NA
"attempts","Two","17 (17.9%)","9 (27.3%)","7 (21.2%)","1 (3.4%)",NA
"call_time_sec","Median [IQR]","240.0 [150.0-360.0]","247.5 [135.0-412.5]","263.0 [180.0-428.0]","200.0 [150.0-270.0]","0.236"
"call_time_sec","Mean (SD)","280.2 (196.0)","316.1 (236.4)","305.5 (203.8)","211.7 (105.4)",NA
"hold_time_sec","Median [IQR]","0.0 [0.0-30.0]","0.0 [0.0-30.0]","30.0 [0.0-30.0]","0.0 [0.0-30.0]","0.214"
"hold_time_sec","Mean (SD)","32.0 (60.9)","25.9 (57.3)","43.9 (71.0)","24.7 (51.3)",NA
"wait_days","Median [IQR]","22.0 [7.0-57.0]","23.0 [9.0-60.5]","29.0 [7.0-55.2]","15.0 [5.2-29.8]","0.231"
"wait_days","Mean (SD)","38.0 (42.1)","44.5 (48.0)","38.9 (39.9)","24.4 (29.5)",NA
"insurance","No they don't accept insurance","33 (44.6%)","9 (32.1%)","12 (48.0%)","12 (57.1%)","0.201"
"insurance","Yes they accept insurance","41 (55.4%)","19 (67.9%)","13 (52.0%)","9 (42.9%)",NA
"cost_estimate","Unable to provide estimate","47 (68.1%)","13 (48.1%)","16 (76.2%)","18 (85.7%)","0.014"
"cost_estimate","less than 10,000","22 (31.9%)","14 (51.9%)","5 (23.8%)","3 (14.3%)",NA
"pregnancy_time","Less than 6 mo","10 (14.9%)","0 (0.0%)","5 (23.8%)","5 (25.0%)","0.040"
"pregnancy_time","More than 1 year","2 (3.0%)","2 (7.7%)","0 (0.0%)","0 (0.0%)",NA
"pregnancy_time","Unable to answer","55 (82.1%)","24 (92.3%)","16 (76.2%)","15 (75.0%)",NA
"refer_rei","no","75 (83.3%)","20 (62.5%)","31 (96.9%)","24 (92.3%)","<0.001"
"refer_rei","yes","15 (16.7%)","12 (37.5%)","1 (3.1%)","2 (7.7%)",NA
"donor_sperm","N/a > not a single mother or lesbian couple scenario","3 (3.3%)","3 (9.4%)","0 (0.0%)","0 (0.0%)","0.019"
"donor_sperm","no","85 (93.4%)","26 (81.2%)","32 (100.0%)","27 (100.0%)",NA
"donor_sperm","yes","3 (3.3%)","3 (9.4%)","0 (0.0%)","0 (0.0%)",NA
"service_cycle_tracking","FALSE","5 (5.3%)","2 (6.1%)","2 (6.1%)","1 (3.4%)","0.871"
"service_cycle_tracking","TRUE","90 (94.7%)","31 (93.9%)","31 (93.9%)","28 (96.6%)",NA
"service_hormonal_timing","FALSE","35 (36.8%)","10 (30.3%)","11 (33.3%)","14 (48.3%)","0.300"
"service_hormonal_timing","TRUE","60 (63.2%)","23 (69.7%)","22 (66.7%)","15 (51.7%)",NA
"service_ovulation_induction","FALSE","84 (88.4%)","26 (78.8%)","31 (93.9%)","27 (93.1%)","0.101"
"service_ovulation_induction","TRUE","11 (11.6%)","7 (21.2%)","2 (6.1%)","2 (6.9%)",NA
"service_iui","FALSE","94 (98.9%)","32 (97.0%)","33 (100.0%)","29 (100.0%)","0.387"
"service_iui","TRUE","1 (1.1%)","1 (3.0%)","0 (0.0%)","0 (0.0%)",NA
"service_ivf","FALSE","94 (98.9%)","32 (97.0%)","33 (100.0%)","29 (100.0%)","0.387"
"service_ivf","TRUE","1 (1.1%)","1 (3.0%)","0 (0.0%)","0 (0.0%)",NA
"restrict_lesbian","FALSE","68 (71.6%)","33 (100.0%)","17 (51.5%)","18 (62.1%)","<0.001"
"restrict_lesbian","TRUE","27 (28.4%)","0 (0.0%)","16 (48.5%)","11 (37.9%)",NA
"restrict_straight","FALSE","59 (62.1%)","21 (63.6%)","22 (66.7%)","16 (55.2%)","0.632"
"restrict_straight","TRUE","36 (37.9%)","12 (36.4%)","11 (33.3%)","13 (44.8%)",NA
"restrict_single_mother","FALSE","76 (80.0%)","33 (100.0%)","24 (72.7%)","19 (65.5%)","0.001"
"restrict_single_mother","TRUE","19 (20.0%)","0 (0.0%)","9 (27.3%)","10 (34.5%)",NA
