"column","completeness","missing"
"record_id",1,0
"scenario",1,0
"practice",1,0
"contact_first_call",0.982905982905983,0.0170940170940171
"attempts",0.991452991452991,0.00854700854700852
"call_date",0.841880341880342,0.158119658119658
"exclusion_reason",0.957264957264957,0.0427350427350427
"wait_category",0.273504273504274,0.726495726495726
"insurance",0.363247863247863,0.636752136752137
"pregnancy_time",0.307692307692308,0.692307692307692
"cost_estimate",0.320512820512821,0.67948717948718
"refer_rei",0.41025641025641,0.58974358974359
"donor_sperm",0.414529914529915,0.585470085470085
"record_id",1,0
