"priority","practice","existing_straight_call","existing_lesbian_call"
"1 - completes a triad","Bismarck FertilityCare Center (ND)","#8 (declined)","#81 (declined)"
"1 - completes a triad","Briana Mueller, FCP (Donum FertilityCare Center SD)","#1 (declined)","#93/102 (declined)"
"1 - completes a triad","Columbia Basin FertilityCare Services (WA)","#7 (declined)","#82 (declined)"
"1 - completes a triad","Community FertilityCare Center (AL)","#23 (declined)","#108 (declined)"
"1 - completes a triad","FertilityCare Center of Colorado Springs (CO)","#174 (declined)","#146 (declined)"
"1 - completes a triad","FertilityCare Services of the Heartland (ND)","#169 (declined)","#154 (declined)"
"1 - completes a triad","Fidem FertilityCare Center (IA)","#168 (declined)","#155 (declined)"
"1 - completes a triad","Helena FertilityCare (MT)","#165 (declined)","#157 (declined)"
"1 - completes a triad","Holy Family FertilityCare (MN)","#164/193 (accepted)","#131 (accepted)"
"1 - completes a triad","Linda Mackenzie, RN, CFCP (FL)","#162 (declined)","#135 (declined)"
"1 - completes a triad","Lindy Meyer, CFCP, CFCE (Diocese of Salina FertilityCare Services KS)","#4 (declined)","#110 (declined)"
"1 - completes a triad","Shane T Fejfar, MD, FAAOS","#33 (accepted)","#83 (declined)"
"1 - completes a triad","Teresa Asam Jensen, MD (telehealth)","#39 (declined)","#74 (declined)"
"2 - completes a pair","(440) 823-9827","","#141 (declined)"
"2 - completes a pair","(603) 860-9942","","#142 (declined)"
"2 - completes a pair","Abiding FertilityCare Center (practice in TX)","#13 (declined)",""
"2 - completes a pair","Angelus FertilityCare Center (Brazil)","#29 (declined)",""
"2 - completes a pair","Anna Lacey (SD, virtual)","","#92 (declined)"
"2 - completes a pair","Armando Garza, MD (TX)","#22/30 (declined)",""
"2 - completes a pair","Avera McKennen (SD)","","#133 (declined)"
"2 - completes a pair","Beth Berard, CFCP (Caritas FertilityCare MD)","","#80 (declined)"
"2 - completes a pair","Brad & Angie Schutt (SD)","","#127 (declined)"
"2 - completes a pair","Brianna Best, DO (FL)","#44 (declined)",""
"2 - completes a pair","Brynn Manning BSN, RN (SD,virtual)","#19 (declined)",""
"2 - completes a pair","Caritas FertilityCare (MD)","#27 (declined)",""
"2 - completes a pair","Cedar of Lebanon FertilityCare Center (MA)","#11 (accepted)",""
"2 - completes a pair","Cherish FertilityCare (British Columbia)","#25 (declined)",""
"2 - completes a pair","Danielle Koester, Femm Health","","#128 (accepted)"
"2 - completes a pair","Danielle Koestner, DO (MI)","#36 (declined)",""
"2 - completes a pair","David Wachs, CFCMC, CFCP (SD)","","#129 (declined)"
"2 - completes a pair","Dr. Mitchell F. Finnie, MD (TX)","#21 (declined)",""
"2 - completes a pair","Dr. Renee C. & Matthew Schroeder (SD)","#20 (declined)",""
"2 - completes a pair","Eastern Upper Peninsula (EUP) FertilityCare Center (MI)","","#132 (declined)"
"2 - completes a pair","Epiphany FertilityCare Center (CO)","","#134 (declined)"
"2 - completes a pair","Faith & Hope FertilityCare (PA)","","#136 (declined)"
"2 - completes a pair","Faithful FertilityCare (CA)","","#138 (declined)"
"2 - completes a pair","Faithful Hearts FertilityCare (NJ)","","#140 (declined)"
"2 - completes a pair","Faustina FertilityCare Center (WI)","","#143 (declined)"
"2 - completes a pair","FertilityCare Center of Baltimore (MD)","","#145 (declined)"
"2 - completes a pair","FertilityCare Center of Delaware County (PA)","","#144 (declined)"
"2 - completes a pair","FertilityCare Center of Greater Chicago (IL)","","#111 (accepted)"
"2 - completes a pair","FertilityCare Center of Kansas City (MO)","","#117 (declined)"
"2 - completes a pair","FertilityCare Center of Reno (NV)","","#148 (declined)"
"2 - completes a pair","FertilityCare Center of Rockville Centre (NY)","","#149 (declined)"
"2 - completes a pair","FertilityCare Center of St. Mary's (TX)","","#150 (declined)"
"2 - completes a pair","FertilityCare Center of the Diocese of Phoenix (AZ)","","#151 (declined)"
"2 - completes a pair","FertilityCare Center of the Sandhills LLC (NE)","","#152 (declined)"
"2 - completes a pair","FertilityCare of the Palouse (ID)","","#153 (declined)"
"2 - completes a pair","Karen Dalton, MD (CO, CT)","#35 (declined)",""
"2 - completes a pair","Kathleen Berchelmann, MD (CT, teleahealth)","#34 (declined)",""
"2 - completes a pair","Kimberly Barrows, MD (telehealth)","#40 (declined)",""
"2 - completes a pair","Leslie Marbach, PharmD, CFCP (Abiding FertilityCare Center TX)","","#79 (declined)"
"2 - completes a pair","Marah Van Diest, M.D. (SD)","","#68 (accepted)"
"2 - completes a pair","Marilyn Wachs, CFCP (SD)","","#130 (declined)"
"2 - completes a pair","Mary Callahan, MD (telehealth)","#49 (accepted)",""
"2 - completes a pair","Maura Buete, MD (Telehealth)","#47 (declined)",""
"2 - completes a pair","Nicole Bazger (MI, OH)","#41 (declined)",""
"2 - completes a pair","Rachel Langley, DO (CO springs)","","#124 (declined)"
"2 - completes a pair","Reply Fertility","","#159 (declined)"
"2 - completes a pair","Reproductive Health Medicine & Gynecology (https://rhmgyn.com) (AL)","#167 (accepted)",""
"2 - completes a pair","Sarah Pederson, MD (Westminster, CO)","#37 (declined)",""
"2 - completes a pair","Susan Caldwell, MD (LA, CA)","#50 (declined)",""
"2 - completes a pair","Teresa Kenney, APRN (NE)","","#64 (accepted)"
"2 - completes a pair","Teresa Studer, M.D. (IA)","#56/163 (declined)",""
