"state","practice","existing_straight_call","existing_lesbian_call","sm_call_completed","appt_date","notes"
"","(440) 823-9827","","#141 (declined)","","",""
"","(603) 860-9942","","#142 (declined)","","",""
"TX","Abiding FertilityCare Center (practice in TX)","#13 (declined)","","","",""
"","Angelus FertilityCare Center (Brazil)","#29 (declined)","","","",""
"SD","Anna Lacey (SD, virtual)","","#92 (declined)","","",""
"TX","Armando Garza, MD (TX)","#22/30 (declined)","","","",""
"SD","Avera McKennen (SD)","","#133 (declined)","","",""
"MD","Beth Berard, CFCP (Caritas FertilityCare MD)","","#80 (declined)","","",""
"SD","Brad & Angie Schutt (SD)","","#127 (declined)","","",""
"FL","Brianna Best, DO (FL)","#44 (declined)","","","",""
"SD","Brynn Manning BSN, RN (SD,virtual)","#19 (declined)","","","",""
"MD","Caritas FertilityCare (MD)","#27 (declined)","","","",""
"MA","Cedar of Lebanon FertilityCare Center (MA)","#11 (accepted)","","","",""
"","Cherish FertilityCare (British Columbia)","#25 (declined)","","","",""
"","Danielle Koester, Femm Health","","#128 (accepted)","","",""
"MI","Danielle Koestner, DO (MI)","#36 (declined)","","","",""
"SD","David Wachs, CFCMC, CFCP (SD)","","#129 (declined)","","",""
"TX","Dr. Mitchell F. Finnie, MD (TX)","#21 (declined)","","","",""
"SD","Dr. Renee C. & Matthew Schroeder (SD)","#20 (declined)","","","",""
"MI","Eastern Upper Peninsula (EUP) FertilityCare Center (MI)","","#132 (declined)","","",""
"CO","Epiphany FertilityCare Center (CO)","","#134 (declined)","","",""
"PA","Faith & Hope FertilityCare (PA)","","#136 (declined)","","",""
"CA","Faithful FertilityCare (CA)","","#138 (declined)","","",""
"NJ","Faithful Hearts FertilityCare (NJ)","","#140 (declined)","","",""
"WI","Faustina FertilityCare Center (WI)","","#143 (declined)","","",""
"MD","FertilityCare Center of Baltimore (MD)","","#145 (declined)","","",""
"PA","FertilityCare Center of Delaware County (PA)","","#144 (declined)","","",""
"IL","FertilityCare Center of Greater Chicago (IL)","","#111 (accepted)","","",""
"MO","FertilityCare Center of Kansas City (MO)","","#117 (declined)","","",""
"NV","FertilityCare Center of Reno (NV)","","#148 (declined)","","",""
"NY","FertilityCare Center of Rockville Centre (NY)","","#149 (declined)","","",""
"TX","FertilityCare Center of St. Mary's (TX)","","#150 (declined)","","",""
"AZ","FertilityCare Center of the Diocese of Phoenix (AZ)","","#151 (declined)","","",""
"NE","FertilityCare Center of the Sandhills LLC (NE)","","#152 (declined)","","",""
"ID","FertilityCare of the Palouse (ID)","","#153 (declined)","","",""
"CO","Karen Dalton, MD (CO, CT)","#35 (declined)","","","",""
"CT","Kathleen Berchelmann, MD (CT, teleahealth)","#34 (declined)","","","",""
"","Kimberly Barrows, MD (telehealth)","#40 (declined)","","","",""
"TX","Leslie Marbach, PharmD, CFCP (Abiding FertilityCare Center TX)","","#79 (declined)","","",""
"SD","Marah Van Diest, M.D. (SD)","","#68 (accepted)","","",""
"SD","Marilyn Wachs, CFCP (SD)","","#130 (declined)","","",""
"","Mary Callahan, MD (telehealth)","#49 (accepted)","","","",""
"","Maura Buete, MD (Telehealth)","#47 (declined)","","","",""
"MI","Nicole Bazger (MI, OH)","#41 (declined)","","","",""
"","Rachel Langley, DO (CO springs)","","#124 (declined)","","",""
"","Reply Fertility","","#159 (declined)","","",""
"AL","Reproductive Health Medicine & Gynecology (https://rhmgyn.com) (AL)","#167 (accepted)","","","",""
"CO","Sarah Pederson, MD (Westminster, CO)","#37 (declined)","","","",""
"LA","Susan Caldwell, MD (LA, CA)","#50 (declined)","","","",""
"NE","Teresa Kenney, APRN (NE)","","#64 (accepted)","","",""
"IA","Teresa Studer, M.D. (IA)","#56/163 (declined)","","","",""
