package,version,source
Deriv,4.2.0,cran-archive:Deriv_4.2.0.tar.gz
Matrix,1.7.1,cran
TMB,1.9.21,cran
doBy,4.7.1,cran
dplyr,1.2.1,cran
forcats,1.0.1,cran
geepack,1.3.13,cran
ggbeeswarm,0.7.3,cran
ggplot2,4.0.3,cran
ggridges,0.5.7,cran
glmmTMB,1.1.14,cran
jsonlite,2.0.0,cran
knitr,1.51,cran
lme4,2.0.6,cran
mysterycall,1.6.3.9000,github:mufflyt/mysterycall@42d66d92ef52
openssl,2.4.2,cran
patchwork,1.3.2,cran
pbkrtest,0.5.5,cran
png,0.1.8,cran
readr,2.2.0,cran
rmarkdown,2.31,cran
scales,1.4.0,cran
survival,3.7.0,cran
tibble,3.3.1,cran
yaml,2.3.12,cran
